rho_global,regime,horizon,sigma_uniform14_eq1400,sigma_weighted14_eq1400,sigma_top1_1400,sigma_weighted14_minimax1400,sigma_whitebox
0.95,G0,60.0,0.9685714285714287,0.9613246853491143,0.9678571428571429,0.9605349174338104,0.94
0.95,G0,65.0,0.9900000000000001,0.990251746740791,0.9721428571428572,0.9676940270933444,0.945
0.95,G0,70.0,0.9921428571428572,0.9903311713372782,0.9714285714285714,0.9688340758140256,0.945
0.95,G0,75.0,0.9821428571428573,0.9710907177712133,0.97,0.967401487903342,0.945
0.95,G0,80.0,0.9842857142857145,0.980662342674557,0.9692857142857143,0.9674010820141798,0.95
0.95,G0,85.0,0.9921428571428572,0.9903311713372782,0.975,0.9760831044279508,0.955
0.95,G0,90.0,0.9921428571428572,0.9903311713372782,0.9735714285714285,0.9767990256063128,0.95
0.95,G0,95.0,0.9921428571428572,0.9903311713372782,0.9735714285714285,0.9810937494411318,0.95
0.95,G0,100.0,0.9921428571428572,0.9903311713372782,0.975,0.9810923993249144,0.945
0.95,G0,105.0,0.9842857142857145,0.980662342674557,0.9785714285714285,0.9861030443380956,0.95
0.95,G0,110.0,0.9921428571428572,0.9903311713372782,0.9814285714285714,0.987535632248779,0.955
0.95,G0,115.0,0.9921428571428572,0.9903311713372782,0.9842857142857143,0.9892594754576128,0.96
0.95,G0,120.0,0.9921428571428572,0.9903311713372782,0.9842857142857143,0.9899749245224472,0.96
0.95,G0,125.0,0.9921428571428572,0.9903311713372782,0.985,0.9899736406305952,0.96
0.95,G0,130.0,0.9921428571428572,0.9903311713372782,0.9857142857142858,0.990689495584592,0.955
0.95,G0,135.0,0.9921428571428572,0.9903311713372782,0.9864285714285714,0.990689495584592,0.955
0.95,G0,140.0,0.9921428571428572,0.9903311713372782,0.9878571428571429,0.989258597454923,0.96
0.95,G0,145.0,1.0,0.9999999999999994,0.9907142857142858,0.9899762084142992,0.965
0.95,G0,150.0,1.0,0.9999999999999994,0.9935714285714285,0.9906920633682962,0.965
0.95,G0,155.0,1.0,0.9999999999999994,0.9935714285714285,0.9899753304116096,0.965
0.95,G0,160.0,1.0,0.9999999999999994,0.9935714285714285,0.9885440263927782,0.965
0.95,G0,165.0,1.0,0.9999999999999994,0.9928571428571429,0.9914083242114552,0.965
0.95,G0,170.0,1.0,0.9999999999999994,0.9928571428571429,0.9906924692574584,0.965
0.95,G0,175.0,1.0,0.9999999999999994,0.9928571428571429,0.9906924692574584,0.97
0.95,G0,180.0,1.0,0.9999999999999994,0.9935714285714285,0.99212377327629,0.97
0.95,G0,185.0,1.0,0.9999999999999994,0.9942857142857143,0.9971361080704852,0.97
0.95,G0,190.0,1.0,0.9999999999999994,0.995,0.9978528410271716,0.97
0.95,G0,195.0,1.0,0.9999999999999994,0.995,0.997853246916334,0.97
0.95,G0,200.0,1.0,0.9999999999999994,0.995,0.9985686959811686,0.97
0.95,G0,205.0,1.0,0.9999999999999994,0.9971428571428571,0.9985686959811686,0.97
0.95,G0,210.0,1.0,0.9999999999999994,0.9978571428571429,0.9985686959811686,0.975
0.95,G0,215.0,1.0,0.9999999999999994,0.9978571428571429,0.9992841450460032,0.975
0.95,G0,220.0,1.0,0.9999999999999994,0.9978571428571429,0.9992841450460032,0.975
0.95,G0,225.0,1.0,0.9999999999999994,0.9985714285714286,0.9985682900920064,0.975
0.95,G0,230.0,1.0,0.9999999999999994,0.9985714285714286,0.9992841450460032,0.975
0.95,G0,235.0,1.0,0.9999999999999994,0.9992857142857143,0.9992841450460032,0.975
0.95,G0,240.0,1.0,0.9999999999999994,0.9992857142857143,1.0,0.98
0.95,G1,60.0,0.8950000000000004,0.8828216928425338,0.8521428571428571,0.855057051017705,0.81
0.95,G1,65.0,0.9035714285714286,0.8835768977490381,0.8578571428571429,0.8768611684634463,0.825
0.95,G1,70.0,0.9014285714285716,0.8835634601135786,0.8621428571428571,0.8783204373966734,0.83
0.95,G1,75.0,0.8935714285714284,0.8738946314508572,0.8635714285714285,0.8811848014397157,0.83
0.95,G1,80.0,0.9035714285714288,0.8836428847100658,0.8592857142857143,0.8790367200215053,0.83
0.95,G1,85.0,0.9114285714285717,0.8933117133727871,0.8692857142857143,0.8897759606720407,0.845
0.95,G1,90.0,0.9057142857142859,0.8839740560473445,0.8707142857142857,0.8840523237106714,0.855
0.95,G1,95.0,0.9057142857142859,0.8839740560473445,0.8685714285714285,0.886196981124161,0.84
0.95,G1,100.0,0.9114285714285717,0.8840712598067221,0.8678571428571429,0.8779498096061435,0.845
0.95,G1,105.0,0.925,0.9125699461017425,0.885,0.8901563921774025,0.865
0.95,G1,110.0,0.9171428571428573,0.9029011174390211,0.8907142857142857,0.8930177163232136,0.86
0.95,G1,115.0,0.9092857142857146,0.8932322887762999,0.8835714285714286,0.899423759902064,0.87
0.95,G1,120.0,0.9114285714285717,0.8933117133727871,0.8821428571428571,0.9058686163825777,0.87
0.95,G1,125.0,0.9114285714285717,0.8933117133727871,0.8892857142857142,0.9158800973233028,0.865
0.95,G1,130.0,0.9114285714285717,0.8933117133727871,0.895,0.9080497175871216,0.86
0.95,G1,135.0,0.9135714285714288,0.8936428847100658,0.8907142857142857,0.9051472199720104,0.86
0.95,G1,140.0,0.9135714285714288,0.8936428847100658,0.8935714285714286,0.9058640191530622,0.865
0.95,G1,145.0,0.9214285714285716,0.903311713372787,0.895,0.9151685099983724,0.855
0.95,G1,150.0,0.9271428571428572,0.9034089171321648,0.8957142857142857,0.9101561752041772,0.855
0.95,G1,155.0,0.9271428571428572,0.9034089171321648,0.8992857142857142,0.9094407261393428,0.855
0.95,G1,160.0,0.937142857142857,0.9226493706982296,0.9035714285714286,0.9108728419364986,0.855
0.95,G1,165.0,0.9292857142857144,0.9129805420355085,0.91,0.9201778048953364,0.855
0.95,G1,170.0,0.937142857142857,0.9226493706982296,0.915,0.9151658759903032,0.86
0.95,G1,175.0,0.9349999999999999,0.9130777457948861,0.9121428571428571,0.9165920343773782,0.855
0.95,G1,180.0,0.9349999999999999,0.9130777457948861,0.9121428571428571,0.9208889863311042,0.86
0.95,G1,185.0,0.9414285714285714,0.9227393754072558,0.9192857142857143,0.9316282269816394,0.87
0.95,G1,190.0,0.954285714285714,0.9419954373724955,0.92,0.929481068008811,0.86
0.95,G1,195.0,0.9585714285714284,0.9420153872991012,0.925,0.9266158921874442,0.865
0.95,G1,200.0,0.9642857142857145,0.9516736358492836,0.9228571428571428,0.9323441481600014,0.855
0.95,G1,205.0,0.9764285714285716,0.9709935140118358,0.9314285714285714,0.939502358035173,0.875
0.95,G1,210.0,0.9707142857142859,0.951843065154797,0.9321428571428572,0.9395028301487004,0.86
0.95,G1,215.0,0.9685714285714287,0.9613246853491143,0.9328571428571428,0.9430812269159952,0.87
0.95,G1,220.0,0.9685714285714287,0.9613246853491143,0.9292857142857143,0.9445125309348266,0.87
0.95,G1,225.0,0.9685714285714287,0.9613246853491143,0.9357142857142857,0.9466241903436552,0.875
0.95,G1,230.0,0.9685714285714287,0.9613246853491143,0.9364285714285714,0.9416126673277844,0.87
0.95,G1,235.0,0.9607142857142854,0.9516558566863932,0.9328571428571428,0.9408959343710978,0.86
0.95,G1,240.0,0.9607142857142854,0.9516558566863932,0.9335714285714286,0.9416100333197152,0.865
0.95,G2,60.0,0.7192857142857142,0.6817513358491701,0.6721428571428572,0.6993813537997776,0.65
0.95,G2,65.0,0.7328571428571428,0.6875701532437579,0.6971428571428572,0.72013452079036,0.645
0.95,G2,70.0,0.7457142857142857,0.7229653052075911,0.6964285714285714,0.7093959594694188,0.635
0.95,G2,75.0,0.7421428571428569,0.7046467147880925,0.6864285714285714,0.7037475414104697,0.645
0.95,G2,80.0,0.7521428571428573,0.7162306099746991,0.6685714285714286,0.6952629688761818,0.625
0.95,G2,85.0,0.7692857142857144,0.7437467857848459,0.6892857142857143,0.718853714148339,0.66
0.95,G2,90.0,0.7607142857142859,0.7264913656632744,0.6857142857142857,0.7059989523490704,0.64
0.95,G2,95.0,0.7778571428571429,0.7445086539038818,0.68,0.7031362780870423,0.645
0.95,G2,100.0,0.7707142857142858,0.736542406066238,0.6807142857142857,0.6930047299904637,0.66
0.95,G2,105.0,0.7807142857142858,0.7518651684613332,0.7014285714285714,0.710904201419011,0.685
0.95,G2,110.0,0.7521428571428572,0.7078842958973772,0.6928571428571428,0.7008122619937954,0.695
0.95,G2,115.0,0.7707142857142858,0.7345147415676045,0.6835714285714286,0.7051483380637711,0.675
0.95,G2,120.0,0.7785714285714285,0.7363771694908114,0.6828571428571428,0.6944011408819871,0.65
0.95,G2,125.0,0.7892857142857144,0.7453375295179857,0.7057142857142857,0.7130103111813545,0.66
0.95,G2,130.0,0.7821428571428573,0.7373666773195621,0.7,0.7094288745168286,0.64
0.95,G2,135.0,0.7885714285714286,0.7474611496189328,0.6957142857142857,0.7022792560598072,0.66
0.95,G2,140.0,0.7678571428571429,0.7186210860233854,0.6892857142857143,0.6929631338991153,0.655
0.95,G2,145.0,0.7735714285714287,0.7190388298659035,0.6985714285714286,0.7094339797595928,0.67
0.95,G2,150.0,0.762142857142857,0.7072585194390313,0.6942857142857143,0.7051103467833232,0.67
0.95,G2,155.0,0.7692857142857144,0.7146272896798086,0.6885714285714286,0.7058149318684083,0.665
0.95,G2,160.0,0.7778571428571429,0.736963422373189,0.685,0.6950749238822409,0.645
0.95,G2,165.0,0.7999999999999999,0.7666958874375891,0.7014285714285714,0.7104740055835272,0.66
0.95,G2,170.0,0.7771428571428572,0.7263237316995641,0.7007142857142857,0.7033169689331501,0.665
0.95,G2,175.0,0.7785714285714286,0.7092167769016381,0.6971428571428572,0.7033133906980259,0.67
0.95,G2,180.0,0.772857142857143,0.7169432176285391,0.6942857142857143,0.6990580967687136,0.65
0.95,G2,185.0,0.7821428571428571,0.7340533388623594,0.7107142857142857,0.7169499295491365,0.675
0.95,G2,190.0,0.7792857142857145,0.7360651338342066,0.7092857142857143,0.7112268854327009,0.665
0.95,G2,195.0,0.7757142857142858,0.726318128732062,0.7035714285714286,0.7112712113407238,0.65
0.95,G2,200.0,0.7800000000000002,0.7380461747406929,0.7107142857142857,0.7119870000703554,0.64
0.95,G2,205.0,0.7814285714285715,0.7287768990902093,0.7178571428571429,0.7265979062634261,0.65
0.95,G2,210.0,0.7714285714285716,0.7190258394496793,0.7164285714285714,0.7276608994960194,0.655
0.95,G2,215.0,0.7728571428571429,0.7094740182285338,0.7078571428571429,0.7233576605317641,0.665
0.95,G2,220.0,0.7592857142857142,0.7074572257272662,0.7057142857142857,0.7183384241004328,0.645
0.95,G2,225.0,0.7507142857142857,0.6856416911794282,0.7157142857142857,0.7340875642101898,0.62
0.95,G2,230.0,0.737142857142857,0.6693213370621237,0.7078571428571429,0.7258672391051146,0.625
0.95,G2,235.0,0.7457142857142857,0.6789943754027786,0.7007142857142857,0.7208539600838646,0.61
0.95,G2,240.0,0.7535714285714284,0.6906095462084014,0.7021428571428572,0.71942488418394,0.615
0.975,G0,60.0,0.9921428571428572,0.9903311713372782,0.9785714285714285,0.9699406406657692,0.955
0.975,G0,65.0,0.9921428571428572,0.9903311713372782,0.98,0.9685106205387896,0.955
0.975,G0,70.0,0.9821428571428573,0.9803311713372783,0.975,0.9675000645002488,0.95
0.975,G0,75.0,0.9821428571428573,0.9803311713372783,0.9764285714285714,0.9696484629222366,0.95
0.975,G0,80.0,0.9821428571428573,0.9803311713372783,0.975,0.9675004259467186,0.95
0.975,G0,85.0,0.9900000000000001,0.9899999999999994,0.9757142857142858,0.9717939321140509,0.955
0.975,G0,90.0,0.9900000000000001,0.9899999999999994,0.9792857142857143,0.9746582961570932,0.955
0.975,G0,95.0,0.9900000000000001,0.9899999999999994,0.9778571428571429,0.9739424412030964,0.955
0.975,G0,100.0,0.9900000000000001,0.9899999999999994,0.9814285714285714,0.977099684100938,0.955
0.975,G0,105.0,0.9800000000000002,0.9799999999999994,0.98,0.9799614141359112,0.96
0.975,G0,110.0,0.9800000000000002,0.9799999999999994,0.98,0.9799614141359112,0.96
0.975,G0,115.0,0.9821428571428573,0.9803311713372783,0.9814285714285714,0.9821089789979016,0.965
0.975,G0,120.0,0.9821428571428573,0.9803311713372783,0.98,0.9806772690899078,0.965
0.975,G0,125.0,0.9821428571428573,0.9803311713372783,0.9821428571428571,0.9821076951060496,0.96
0.975,G0,130.0,0.9821428571428573,0.9803311713372783,0.9835714285714285,0.984962589728252,0.95
0.975,G0,135.0,0.9821428571428573,0.9803311713372783,0.9828571428571429,0.984962589728252,0.95
0.975,G0,140.0,0.9842857142857145,0.980662342674557,0.9842857142857143,0.9863951776389356,0.945
0.975,G0,145.0,0.9842857142857145,0.980662342674557,0.985,0.9856793226849386,0.955
0.975,G0,150.0,0.9842857142857145,0.980662342674557,0.985,0.9856793226849386,0.95
0.975,G0,155.0,0.9842857142857145,0.980662342674557,0.9857142857142858,0.9878260095442396,0.965
0.975,G0,160.0,0.9842857142857145,0.980662342674557,0.9842857142857143,0.9863938275227184,0.965
0.975,G0,165.0,0.9921428571428572,0.9903311713372782,0.9857142857142858,0.989258597454923,0.965
0.975,G0,170.0,1.0,0.9999999999999994,0.9885714285714285,0.9914070403196032,0.965
0.975,G0,175.0,1.0,0.9999999999999994,0.9885714285714285,0.9914070403196032,0.965
0.975,G0,180.0,1.0,0.9999999999999994,0.9907142857142858,0.9928392223411244,0.965
0.975,G0,185.0,1.0,0.9999999999999994,0.9914285714285714,0.9935559552978112,0.97
0.975,G0,190.0,1.0,0.9999999999999994,0.9907142857142858,0.9935559552978112,0.97
0.975,G0,195.0,1.0,0.9999999999999994,0.9914285714285714,0.9928405062329764,0.97
0.975,G0,200.0,1.0,0.9999999999999994,0.9914285714285714,0.9928405062329764,0.965
0.975,G0,205.0,1.0,0.9999999999999994,0.9928571428571429,0.9942726882544978,0.97
0.975,G0,210.0,1.0,0.9999999999999994,0.9921428571428571,0.9957043981624916,0.975
0.975,G0,215.0,1.0,0.9999999999999994,0.9921428571428571,0.9957043981624916,0.975
0.975,G0,220.0,1.0,0.9999999999999994,0.9935714285714285,0.9971361080704852,0.98
0.975,G0,225.0,1.0,0.9999999999999994,0.9942857142857143,0.9964202531164882,0.98
0.975,G0,230.0,1.0,0.9999999999999994,0.9942857142857143,0.9964202531164882,0.975
0.975,G0,235.0,1.0,0.9999999999999994,0.9971428571428571,0.9957043981624916,0.975
0.975,G0,240.0,1.0,0.9999999999999994,0.9971428571428571,0.9949889490976568,0.975
0.975,G1,60.0,0.9035714285714288,0.8830705467445344,0.87,0.8779931994770265,0.83
0.975,G1,65.0,0.9185714285714287,0.9023359785238413,0.88,0.8805104252414724,0.835
0.975,G1,70.0,0.8807142857142854,0.8626671498611198,0.8664285714285714,0.8769293944661086,0.83
0.975,G1,75.0,0.8928571428571431,0.881987028023672,0.8735714285714286,0.881257994308278,0.86
0.975,G1,80.0,0.8928571428571431,0.881987028023672,0.8628571428571429,0.8698041163712328,0.845
0.975,G1,85.0,0.8928571428571431,0.881987028023672,0.8657142857142858,0.8783542027369663,0.86
0.975,G1,90.0,0.8971428571428575,0.8826493706982296,0.8735714285714286,0.8819373954068718,0.86
0.975,G1,95.0,0.8971428571428575,0.8826493706982296,0.8664285714285714,0.8783575822989949,0.845
0.975,G1,100.0,0.9128571428571429,0.901987028023672,0.875,0.8872565067886878,0.85
0.975,G1,105.0,0.9071428571428574,0.8926493706982296,0.8871428571428571,0.8908336858884957,0.86
0.975,G1,110.0,0.8992857142857147,0.8829805420355082,0.8792857142857143,0.8844246686367788,0.85
0.975,G1,115.0,0.8914285714285711,0.873311713372787,0.8828571428571429,0.8922996776930021,0.86
0.975,G1,120.0,0.8914285714285711,0.873311713372787,0.8771428571428571,0.8858667259683022,0.855
0.975,G1,125.0,0.8992857142857141,0.8835528800010397,0.8828571428571429,0.894418238738967,0.87
0.975,G1,130.0,0.9092857142857145,0.8837400884694434,0.8885714285714286,0.898713456468986,0.86
0.975,G1,135.0,0.9050000000000002,0.8830777457948858,0.8814285714285715,0.8908397313046147,0.855
0.975,G1,140.0,0.9192857142857145,0.9029805420355083,0.8864285714285715,0.890835584406954,0.855
0.975,G1,145.0,0.9349999999999999,0.9223181993609509,0.8907142857142857,0.8922668884257855,0.85
0.975,G1,150.0,0.9349999999999999,0.9223181993609509,0.8871428571428571,0.8851069225452345,0.84
0.975,G1,155.0,0.9349999999999999,0.9223181993609509,0.8914285714285715,0.8908372079636031,0.855
0.975,G1,160.0,0.9349999999999999,0.9223181993609509,0.8842857142857142,0.8858239951667182,0.85
0.975,G1,165.0,0.9271428571428572,0.9126493706982297,0.885,0.8865390383423905,0.855
0.975,G1,170.0,0.9464285714285713,0.9320048071865623,0.8935714285714286,0.8901234042370904,0.855
0.975,G1,175.0,0.9464285714285713,0.9320048071865623,0.8857142857142857,0.8851128254482746,0.85
0.975,G1,180.0,0.9428571428571428,0.9319870280236721,0.8921428571428571,0.8929869565018083,0.85
0.975,G1,185.0,0.9428571428571428,0.9319870280236721,0.8992857142857142,0.902286367939727,0.85
0.975,G1,190.0,0.9328571428571427,0.9222387747644636,0.8971428571428571,0.895127685951028,0.845
0.975,G1,195.0,0.9349999999999999,0.9223181993609509,0.9092857142857143,0.9015699746478374,0.855
0.975,G1,200.0,0.9349999999999999,0.9223181993609509,0.9042857142857142,0.8958391508915762,0.85
0.975,G1,205.0,0.945,0.9323181993609508,0.9064285714285715,0.9015644331912672,0.855
0.975,G1,210.0,0.9528571428571426,0.941987028023672,0.9092857142857143,0.9094484395548031,0.84
0.975,G1,215.0,0.9528571428571426,0.941987028023672,0.9035714285714286,0.9065858315171402,0.835
0.975,G1,220.0,0.9557142857142855,0.9516308784731515,0.9171428571428571,0.911589169004023,0.84
0.975,G1,225.0,0.9607142857142854,0.9516558566863932,0.9164285714285715,0.914450832814631,0.83
0.975,G1,230.0,0.957142857142857,0.9420770327326979,0.9121428571428571,0.9051420181802372,0.83
0.975,G1,235.0,0.9514285714285712,0.9419798289733206,0.9185714285714286,0.9151581625748428,0.855
0.975,G1,240.0,0.9514285714285712,0.9419798289733206,0.9142857142857143,0.9122938647561656,0.85
0.975,G2,60.0,0.7328571428571428,0.700218698625251,0.6992857142857143,0.7145175777821319,0.68
0.975,G2,65.0,0.7714285714285715,0.7350825529814484,0.7057142857142857,0.7359465473758887,0.695
0.975,G2,70.0,0.7464285714285716,0.700677029080186,0.6771428571428572,0.7095323867839207,0.68
0.975,G2,75.0,0.7607142857142859,0.75089604620611,0.6928571428571428,0.7189247316460576,0.695
0.975,G2,80.0,0.7528571428571429,0.7412272175433887,0.6564285714285715,0.6895390632523423,0.675
0.975,G2,85.0,0.7542857142857143,0.7341528779043686,0.6785714285714286,0.6924399373108046,0.67
0.975,G2,90.0,0.7571428571428572,0.734806550102491,0.6864285714285714,0.6995598242808986,0.685
0.975,G2,95.0,0.7421428571428572,0.7152193167999722,0.6614285714285715,0.6716388556099228,0.66
0.975,G2,100.0,0.745,0.7152349251991473,0.6685714285714286,0.682380324379365,0.675
0.975,G2,105.0,0.7457142857142857,0.7155560911047533,0.685,0.6952926711886374,0.675
0.975,G2,110.0,0.6957142857142857,0.6571397222450114,0.6657142857142857,0.6774028016296605,0.665
0.975,G2,115.0,0.7292857142857142,0.6869085610484315,0.6792857142857143,0.6909064956765513,0.675
0.975,G2,120.0,0.727142857142857,0.6865773897111528,0.6621428571428571,0.6708604698374336,0.64
0.975,G2,125.0,0.7378571428571427,0.7154382499579973,0.6814285714285714,0.6758711810749799,0.65
0.975,G2,130.0,0.7492857142857143,0.7156998547362523,0.6857142857142857,0.6866055813802119,0.655
0.975,G2,135.0,0.745,0.7156098500272261,0.6671428571428571,0.6658429994758305,0.64
0.975,G2,140.0,0.7507142857142856,0.7165482799564923,0.6742857142857143,0.6772917980054846,0.65
0.975,G2,145.0,0.7664285714285715,0.7362035121393411,0.6871428571428572,0.6851234616335174,0.65
0.975,G2,150.0,0.7592857142857145,0.7265368542403352,0.6671428571428571,0.6700588982256984,0.62
0.975,G2,155.0,0.755,0.7123893156649723,0.6778571428571428,0.678647666565742,0.64
0.975,G2,160.0,0.7428571428571428,0.7115533610018835,0.66,0.6586021128401519,0.615
0.975,G2,165.0,0.762857142857143,0.7340781664065698,0.675,0.6778959061585834,0.625
0.975,G2,170.0,0.772142857142857,0.736745567735612,0.685,0.6814459983466854,0.625
0.975,G2,175.0,0.747142857142857,0.7074788745162339,0.6664285714285715,0.665010961390361,0.62
0.975,G2,180.0,0.7471428571428572,0.7072169760777829,0.67,0.6685915200521971,0.63
0.975,G2,185.0,0.7499999999999999,0.7056486892903516,0.6721428571428572,0.6814411362197094,0.635
0.975,G2,190.0,0.7342857142857141,0.6863110319649093,0.6614285714285715,0.66426332609919,0.63
0.975,G2,195.0,0.7535714285714287,0.7078914438061293,0.6757142857142857,0.6767737115852036,0.625
0.975,G2,200.0,0.7342857142857141,0.6786532121453792,0.6578571428571428,0.6667507317778274,0.605
0.975,G2,205.0,0.7378571428571428,0.6821186470694995,0.6671428571428571,0.6742857013443082,0.61
0.975,G2,210.0,0.7442857142857141,0.6842211139480253,0.6792857142857143,0.6921820004268936,0.62
0.975,G2,215.0,0.7342857142857141,0.6745417051727653,0.6678571428571428,0.6721360408121412,0.605
0.975,G2,220.0,0.7271428571428571,0.669561312808849,0.6714285714285714,0.6714527117492777,0.62
0.975,G2,225.0,0.7357142857142857,0.6793011567192339,0.685,0.6686272930566286,0.61
0.975,G2,230.0,0.6907142857142857,0.6395279252467837,0.6692857142857143,0.6600369011599359,0.595
0.975,G2,235.0,0.6957142857142858,0.6399435494671857,0.6714285714285714,0.6758282052831741,0.62
0.975,G2,240.0,0.692857142857143,0.6353613972100582,0.6585714285714286,0.6650897764109633,0.605
0.9833333333333332,G0,60.0,0.987857142857143,0.9896688286627207,0.9764285714285714,0.9692246750447144,0.945
0.9833333333333332,G0,65.0,1.0,0.9999999999999994,0.9785714285714285,0.9720890390877568,0.95
0.9833333333333332,G0,70.0,0.9821428571428573,0.9803311713372783,0.9742857142857143,0.9710784830492162,0.95
0.9833333333333332,G0,75.0,0.9900000000000001,0.9899999999999994,0.9742857142857143,0.974659580048945,0.95
0.9833333333333332,G0,80.0,0.9900000000000001,0.9899999999999994,0.9735714285714285,0.9732269921382616,0.95
0.9833333333333332,G0,85.0,0.9900000000000001,0.9899999999999994,0.9742857142857143,0.9746582961570932,0.955
0.9833333333333332,G0,90.0,0.9821428571428573,0.9803311713372783,0.9728571428571429,0.9725111371842649,0.95
0.9833333333333332,G0,95.0,0.9821428571428573,0.9803311713372783,0.9707142857142858,0.9725111371842649,0.95
0.9833333333333332,G0,100.0,0.9900000000000001,0.9899999999999994,0.975,0.9760879103949104,0.955
0.9833333333333332,G0,105.0,0.9800000000000002,0.9799999999999994,0.9735714285714285,0.9753711774382238,0.955
0.9833333333333332,G0,110.0,0.9800000000000002,0.9799999999999994,0.9785714285714285,0.978950452208208,0.965
0.9833333333333332,G0,115.0,0.9800000000000002,0.9799999999999994,0.9771428571428571,0.9782345972542112,0.965
0.9833333333333332,G0,120.0,0.9800000000000002,0.9799999999999994,0.975,0.9775187423002144,0.965
0.9833333333333332,G0,125.0,0.9821428571428573,0.9803311713372783,0.9778571428571429,0.9803817562270396,0.96
0.9833333333333332,G0,130.0,0.9821428571428573,0.9803311713372783,0.9764285714285714,0.978950452208208,0.955
0.9833333333333332,G0,135.0,0.9821428571428573,0.9803311713372783,0.98,0.9813918401520528,0.96
0.9833333333333332,G0,140.0,0.9821428571428573,0.9803311713372783,0.9792857142857143,0.9799596581305317,0.96
0.9833333333333332,G0,145.0,0.9821428571428573,0.9803311713372783,0.98,0.981392246041215,0.965
0.9833333333333332,G0,150.0,0.9821428571428573,0.9803311713372783,0.98,0.9806763910872184,0.96
0.9833333333333332,G0,155.0,0.9821428571428573,0.9803311713372783,0.9792857142857143,0.9792429251738451,0.96
0.9833333333333332,G0,160.0,0.9821428571428573,0.9803311713372783,0.9814285714285714,0.9821059391006702,0.965
0.9833333333333332,G0,165.0,0.9821428571428573,0.9803311713372783,0.9807142857142858,0.9813900841466732,0.965
0.9833333333333332,G0,170.0,0.9842857142857145,0.980662342674557,0.9835714285714285,0.98424666854989,0.965
0.9833333333333332,G0,175.0,0.9842857142857145,0.980662342674557,0.9835714285714285,0.98424666854989,0.965
0.9833333333333332,G0,180.0,0.9842857142857145,0.980662342674557,0.9835714285714285,0.98424666854989,0.965
0.9833333333333332,G0,185.0,1.0,0.9999999999999994,0.985,0.9856779725687216,0.965
0.9833333333333332,G0,190.0,0.9921428571428572,0.9903311713372782,0.9835714285714285,0.9856779725687216,0.965
0.9833333333333332,G0,195.0,0.9921428571428572,0.9903311713372782,0.9835714285714285,0.9878260095442396,0.965
0.9833333333333332,G0,200.0,0.9921428571428572,0.9903311713372782,0.9821428571428571,0.9878260095442396,0.96
0.9833333333333332,G0,205.0,0.9921428571428572,0.9903311713372782,0.9835714285714285,0.9899753304116096,0.96
0.9833333333333332,G0,210.0,0.9921428571428572,0.9903311713372782,0.9828571428571429,0.9892598813467748,0.96
0.9833333333333332,G0,215.0,0.9921428571428572,0.9903311713372782,0.9828571428571429,0.9892598813467748,0.96
0.9833333333333332,G0,220.0,0.9921428571428572,0.9903311713372782,0.9864285714285714,0.9906920633682962,0.96
0.9833333333333332,G0,225.0,0.9921428571428572,0.9903311713372782,0.9864285714285714,0.9906920633682962,0.96
0.9833333333333332,G0,230.0,1.0,0.9999999999999994,0.9892857142857143,0.9914087963249828,0.955
0.9833333333333332,G0,235.0,1.0,0.9999999999999994,0.9892857142857143,0.990693347260148,0.95
0.9833333333333332,G0,240.0,1.0,0.9999999999999994,0.9892857142857143,0.990693347260148,0.95
0.9833333333333332,G1,60.0,0.9050000000000001,0.9012380617022759,0.8628571428571429,0.8693679897466527,0.845
0.9833333333333332,G1,65.0,0.9185714285714285,0.9113246853491146,0.8785714285714286,0.8833462358003435,0.865
0.9833333333333332,G1,70.0,0.8785714285714283,0.8713246853491146,0.8635714285714285,0.8791210686799684,0.86
0.9833333333333332,G1,75.0,0.9007142857142859,0.8916558566863932,0.8728571428571429,0.8873003343947544,0.88
0.9833333333333332,G1,80.0,0.8928571428571431,0.881987028023672,0.8614285714285714,0.87727863847923,0.87
0.9833333333333332,G1,85.0,0.9007142857142859,0.8916558566863932,0.8721428571428571,0.8929860567174457,0.875
0.9833333333333332,G1,90.0,0.890714285714286,0.8816558566863932,0.8671428571428571,0.8836806216450807,0.865
0.9833333333333332,G1,95.0,0.890714285714286,0.8816558566863932,0.8592857142857143,0.8772467919176908,0.85
0.9833333333333332,G1,100.0,0.9064285714285715,0.9009935140118357,0.8728571428571429,0.878662263216439,0.855
0.9833333333333332,G1,105.0,0.8985714285714288,0.8913246853491146,0.8678571428571429,0.8722177464007227,0.855
0.9833333333333332,G1,110.0,0.9064285714285715,0.9013141052365757,0.8785714285714286,0.8865346382645932,0.855
0.9833333333333332,G1,115.0,0.8964285714285717,0.8913141052365756,0.8721428571428571,0.8815223034703981,0.855
0.9833333333333332,G1,120.0,0.8964285714285717,0.8913141052365756,0.8635714285714285,0.8743657833762407,0.85
0.9833333333333332,G1,125.0,0.8942857142857145,0.8823160285972353,0.8728571428571429,0.8822420763243161,0.86
0.9833333333333332,G1,130.0,0.8942857142857145,0.8823160285972353,0.8664285714285714,0.872942258997235,0.845
0.9833333333333332,G1,135.0,0.9028571428571431,0.8923076192484118,0.8814285714285715,0.8801008747615687,0.865
0.9833333333333332,G1,140.0,0.9028571428571431,0.8923076192484118,0.8757142857142857,0.872942258997235,0.855
0.9833333333333332,G1,145.0,0.9050000000000002,0.8923181993609508,0.8821428571428571,0.8800988453157575,0.84
0.9833333333333332,G1,150.0,0.9050000000000002,0.8923181993609508,0.8771428571428571,0.8707925984650678,0.83
0.9833333333333332,G1,155.0,0.9050000000000002,0.8923181993609508,0.8721428571428571,0.8650648146060381,0.83
0.9833333333333332,G1,160.0,0.9207142857142857,0.9119076034271849,0.8785714285714286,0.8779366092411538,0.83
0.9833333333333332,G1,165.0,0.9207142857142857,0.9119076034271849,0.8757142857142857,0.8729260304523381,0.83
0.9833333333333332,G1,170.0,0.9442857142857141,0.9411658361561398,0.8835714285714286,0.875077919103412,0.85
0.9833333333333332,G1,175.0,0.9285714285714286,0.9218281788306977,0.8742857142857143,0.8707831952685932,0.84
0.9833333333333332,G1,180.0,0.9207142857142857,0.9121593501679764,0.8707142857142857,0.8693506073579097,0.83
0.9833333333333332,G1,185.0,0.9228571428571428,0.9124905215052553,0.885,0.8779478908273898,0.84
0.9833333333333332,G1,190.0,0.9150000000000001,0.9028216928425339,0.8835714285714286,0.8722209187466845,0.835
0.9833333333333332,G1,195.0,0.9271428571428572,0.9126493706982297,0.8914285714285715,0.8786632736678592,0.835
0.9833333333333332,G1,200.0,0.9271428571428572,0.9126493706982297,0.8857142857142857,0.8757976257329648,0.82
0.9833333333333332,G1,205.0,0.9185714285714288,0.9029755648904715,0.8928571428571429,0.8858180377566371,0.82
0.9833333333333332,G1,210.0,0.9185714285714288,0.9029755648904715,0.8857142857142857,0.8793850860319371,0.82
0.9833333333333332,G1,215.0,0.9185714285714288,0.9029755648904715,0.8842857142857142,0.8758070289294396,0.82
0.9833333333333332,G1,220.0,0.925,0.903077745794886,0.8914285714285715,0.8829644932506518,0.835
0.9833333333333332,G1,225.0,0.925,0.903077745794886,0.8857142857142857,0.8772366431672568,0.83
0.9833333333333332,G1,230.0,0.945,0.9415586529270157,0.8935714285714286,0.8843969704942777,0.835
0.9833333333333332,G1,235.0,0.9371428571428572,0.9318898242642947,0.89,0.8808181016134556,0.83
0.9833333333333332,G1,240.0,0.9292857142857143,0.9222209956015732,0.8864285714285715,0.8779546817974683,0.83
0.9833333333333332,G2,60.0,0.695,0.6685772400395603,0.6935714285714286,0.7102292153721227,0.655
0.9833333333333332,G2,65.0,0.7400000000000001,0.7225113587226419,0.7107142857142857,0.7331187277266099,0.685
0.9833333333333332,G2,70.0,0.7092857142857142,0.6880086310620016,0.685,0.7088492245481315,0.665
0.9833333333333332,G2,75.0,0.7557142857142857,0.7514948367297034,0.7071428571428572,0.7282250655293587,0.715
0.9833333333333332,G2,80.0,0.7435714285714285,0.7411636653924247,0.6764285714285714,0.7095786595678514,0.7
0.9833333333333332,G2,85.0,0.767857142857143,0.7535456809506882,0.6978571428571428,0.7117581072441588,0.7
0.9833333333333332,G2,90.0,0.7400000000000002,0.7238768522879668,0.6785714285714286,0.6924672875985936,0.68
0.9833333333333332,G2,95.0,0.7271428571428569,0.7043002502395865,0.6592857142857143,0.6709895518514822,0.655
0.9833333333333332,G2,100.0,0.7335714285714285,0.7046514226450703,0.6835714285714286,0.6845197037123677,0.675
0.9833333333333332,G2,105.0,0.6964285714285714,0.6652393178681776,0.6685714285714286,0.660178614373634,0.65
0.9833333333333332,G2,110.0,0.7157142857142855,0.6950455361718876,0.6971428571428572,0.6901859110443088,0.685
0.9833333333333332,G2,115.0,0.7114285714285714,0.69438319349733,0.6857142857142857,0.6801728065469348,0.675
0.9833333333333332,G2,120.0,0.7021428571428572,0.684388170642367,0.6678571428571428,0.6594113978673478,0.655
0.9833333333333332,G2,125.0,0.7214285714285712,0.7037316924036271,0.6814285714285714,0.6711495635085483,0.69
0.9833333333333332,G2,130.0,0.6900000000000002,0.6650563777527424,0.6657142857142857,0.6575446749231185,0.68
0.9833333333333332,G2,135.0,0.7257142857142856,0.6951535303705204,0.6735714285714286,0.6694172610627886,0.665
0.9833333333333332,G2,140.0,0.7064285714285713,0.6754775026574479,0.6571428571428571,0.6522340201527569,0.655
0.9833333333333332,G2,145.0,0.7271428571428569,0.6957402027167289,0.675,0.6686902251252649,0.665
0.9833333333333332,G2,150.0,0.7249999999999998,0.6956607781202416,0.665,0.6586371847333166,0.63
0.9833333333333332,G2,155.0,0.7157142857142856,0.6858165692587199,0.6514285714285715,0.6493288422124505,0.615
0.9833333333333332,G2,160.0,0.7571428571428572,0.739865493055121,0.6642857142857143,0.6629333911330831,0.615
0.9833333333333332,G2,165.0,0.7471428571428572,0.7298654930551209,0.6557142857142857,0.6474714562403306,0.615
0.9833333333333332,G2,170.0,0.7571428571428572,0.7352940610356088,0.6785714285714286,0.6557410703246879,0.615
0.9833333333333332,G2,175.0,0.7299999999999999,0.7059492046598149,0.6628571428571428,0.6407035276042095,0.61
0.9833333333333332,G2,180.0,0.7114285714285715,0.6861084280020799,0.6507142857142857,0.6278226132773994,0.6
0.9833333333333332,G2,185.0,0.7349999999999998,0.7152146875807207,0.6642857142857143,0.6535656086471004,0.615
0.9833333333333332,G2,190.0,0.715,0.6952146875807208,0.6485714285714286,0.6385340794967198,0.615
0.9833333333333332,G2,195.0,0.7307142857142855,0.6869830084998819,0.6642857142857143,0.6585779434412957,0.625
0.9833333333333332,G2,200.0,0.6985714285714286,0.6477319748212781,0.6471428571428571,0.6492696009204296,0.61
0.9833333333333332,G2,205.0,0.7242857142857142,0.6766954922974954,0.6635714285714286,0.671473352089296,0.625
0.9833333333333332,G2,210.0,0.7121428571428571,0.6571238673941517,0.6521428571428571,0.6636070451182806,0.615
0.9833333333333332,G2,215.0,0.7007142857142857,0.6470494199427013,0.6442857142857142,0.6507206454949169,0.61
0.9833333333333332,G2,220.0,0.7178571428571427,0.6776485242008827,0.6657142857142857,0.6607469042616126,0.605
0.9833333333333332,G2,225.0,0.6942857142857143,0.6578824917787839,0.655,0.6471458673517388,0.6
0.9833333333333332,G2,230.0,0.6842857142857144,0.6455502240909029,0.6678571428571428,0.6550527374406062,0.61
0.9833333333333332,G2,235.0,0.6842857142857144,0.6455502240909029,0.6557142857142857,0.6400178949525622,0.595
0.9833333333333332,G2,240.0,0.6692857142857144,0.6258941974460351,0.645,0.6321438301233938,0.58
0.99,G0,60.0,0.9900000000000001,0.9899999999999994,0.9807142857142858,0.976391948451564,0.965
0.99,G0,65.0,0.9978571428571429,0.9996688286627207,0.985,0.9778241304730848,0.97
0.99,G0,70.0,0.9778571428571431,0.9796688286627208,0.9814285714285714,0.9775303073912308,0.965
0.99,G0,75.0,0.9778571428571431,0.9796688286627208,0.9764285714285714,0.9775303073912308,0.965
0.99,G0,80.0,0.9778571428571431,0.9796688286627208,0.975,0.9753818645265504,0.965
0.99,G0,85.0,0.9900000000000001,0.9899999999999994,0.9771428571428571,0.9796697529485986,0.965
0.99,G0,90.0,0.9900000000000001,0.9899999999999994,0.9757142857142858,0.9782380430406048,0.96
0.99,G0,95.0,0.9900000000000001,0.9899999999999994,0.9742857142857143,0.9782380430406048,0.96
0.99,G0,100.0,0.987857142857143,0.9896688286627207,0.9735714285714285,0.9768045771272316,0.96
0.99,G0,105.0,0.9821428571428573,0.9803311713372783,0.9785714285714285,0.9789512639865324,0.965
0.99,G0,110.0,0.9821428571428573,0.9803311713372783,0.9778571428571429,0.9782345310298458,0.965
0.99,G0,115.0,0.9821428571428573,0.9803311713372783,0.9757142857142858,0.9782345310298458,0.965
0.99,G0,120.0,0.9821428571428573,0.9803311713372783,0.9742857142857143,0.9775186760758492,0.965
0.99,G0,125.0,0.9821428571428573,0.9803311713372783,0.9764285714285714,0.9796654291595152,0.965
0.99,G0,130.0,0.9821428571428573,0.9803311713372783,0.975,0.9775186760758492,0.96
0.99,G0,135.0,0.9821428571428573,0.9803311713372783,0.975,0.9775186760758492,0.96
0.99,G0,140.0,0.9821428571428573,0.9803311713372783,0.975,0.9753697610976412,0.96
0.99,G0,145.0,0.9821428571428573,0.9803311713372783,0.9764285714285714,0.9775182039623216,0.955
0.99,G0,150.0,0.9821428571428573,0.9803311713372783,0.9757142857142858,0.9775182039623216,0.945
0.99,G0,155.0,0.9821428571428573,0.9803311713372783,0.975,0.9760847380489484,0.945
0.99,G0,160.0,0.9821428571428573,0.9803311713372783,0.975,0.9760847380489484,0.945
0.99,G0,165.0,0.9821428571428573,0.9803311713372783,0.9785714285714285,0.9792437369521696,0.95
0.99,G0,170.0,0.9821428571428573,0.9803311713372783,0.9785714285714285,0.9785278819981728,0.95
0.99,G0,175.0,0.9821428571428573,0.9803311713372783,0.9778571428571429,0.9785278819981728,0.95
0.99,G0,180.0,0.9821428571428573,0.9803311713372783,0.9778571428571429,0.9785278819981728,0.945
0.99,G0,185.0,0.9821428571428573,0.9803311713372783,0.98,0.9813917739276876,0.945
0.99,G0,190.0,0.9742857142857145,0.970662342674557,0.9785714285714285,0.9813917739276876,0.945
0.99,G0,195.0,0.9742857142857145,0.970662342674557,0.9771428571428571,0.9806759189736908,0.945
0.99,G0,200.0,0.9742857142857145,0.970662342674557,0.9764285714285714,0.9806759189736908,0.94
0.99,G0,205.0,0.9821428571428573,0.9803311713372783,0.98,0.9828252398410608,0.96
0.99,G0,210.0,0.9821428571428573,0.9803311713372783,0.98,0.9814016492376898,0.96
0.99,G0,215.0,0.9821428571428573,0.9803311713372783,0.98,0.9814016492376898,0.96
0.99,G0,220.0,0.9821428571428573,0.9803311713372783,0.98,0.980685794283693,0.96
0.99,G0,225.0,0.9821428571428573,0.9803311713372783,0.98,0.9828329532565212,0.96
0.99,G0,230.0,0.9821428571428573,0.9803311713372783,0.98,0.9814016492376898,0.955
0.99,G0,235.0,0.9821428571428573,0.9803311713372783,0.98,0.9792540843756992,0.95
0.99,G0,240.0,0.9821428571428573,0.9803311713372783,0.9792857142857143,0.9785373514190128,0.95
0.99,G1,60.0,0.9135714285714286,0.9190064859881634,0.89,0.8893795205450572,0.87
0.99,G1,65.0,0.9342857142857142,0.930662342674557,0.9,0.9044405174350764,0.895
0.99,G1,70.0,0.9042857142857145,0.900662342674557,0.8871428571428571,0.8994277767517187,0.895
0.99,G1,75.0,0.9042857142857145,0.900662342674557,0.88,0.8915956410101584,0.895
0.99,G1,80.0,0.8964285714285716,0.8909935140118358,0.8692857142857143,0.8837215099566248,0.885
0.99,G1,85.0,0.9142857142857144,0.9106623426745571,0.8821428571428571,0.8987508009237499,0.91
0.99,G1,90.0,0.9064285714285715,0.9009935140118357,0.8785714285714286,0.8908771419837438,0.89
0.99,G1,95.0,0.9064285714285715,0.9009935140118357,0.8714285714285714,0.888014939835243,0.88
0.99,G1,100.0,0.8964285714285716,0.8909935140118358,0.8657142857142858,0.8758452069442008,0.88
0.99,G1,105.0,0.9100000000000001,0.9016536859226779,0.8842857142857142,0.8951718213758703,0.89
0.99,G1,110.0,0.897857142857143,0.891643105810139,0.8792857142857143,0.8909104352105092,0.885
0.99,G1,115.0,0.8878571428571428,0.881643105810139,0.8735714285714286,0.8887628703485188,0.885
0.99,G1,120.0,0.8878571428571428,0.881643105810139,0.8685714285714285,0.8794656208051416,0.88
0.99,G1,125.0,0.8978571428571431,0.8915742613261907,0.885,0.8922818330788304,0.89
0.99,G1,130.0,0.8978571428571431,0.8915742613261907,0.88,0.8836991545975983,0.88
0.99,G1,135.0,0.8978571428571431,0.8915742613261907,0.8742857142857143,0.8758224557603606,0.875
0.99,G1,140.0,0.8978571428571431,0.8915742613261907,0.87,0.86794798504203,0.87
0.99,G1,145.0,0.9185714285714285,0.9113246853491146,0.8828571428571429,0.8815232476974529,0.86
0.99,G1,150.0,0.9185714285714285,0.9113246853491146,0.8785714285714286,0.8750813648898058,0.84
0.99,G1,155.0,0.9185714285714285,0.9113246853491146,0.8742857142857143,0.8700676799793933,0.84
0.99,G1,160.0,0.9185714285714285,0.9113246853491146,0.87,0.8657716060283573,0.835
0.99,G1,165.0,0.9307142857142858,0.9216558566863934,0.8785714285714286,0.878661583886845,0.86
0.99,G1,170.0,0.9307142857142858,0.9216558566863934,0.8778571428571429,0.8715041857899979,0.855
0.99,G1,175.0,0.9228571428571428,0.9119870280236722,0.8707142857142857,0.8657772799336579,0.855
0.99,G1,180.0,0.9228571428571428,0.9119870280236722,0.8692857142857143,0.8636365504844381,0.845
0.99,G1,185.0,0.9228571428571428,0.9119870280236722,0.8821428571428571,0.8808211859533795,0.84
0.99,G1,190.0,0.9071428571428574,0.8926493706982296,0.8785714285714286,0.8743801149240568,0.835
0.99,G1,195.0,0.9071428571428574,0.8926493706982296,0.8764285714285714,0.8679381658920444,0.825
0.99,G1,200.0,0.9071428571428574,0.8926493706982296,0.8707142857142857,0.8657892509138366,0.82
0.99,G1,205.0,0.9307142857142858,0.9219776582096052,0.89,0.8829588092810027,0.815
0.99,G1,210.0,0.9307142857142858,0.9219776582096052,0.8857142857142857,0.877956755685972,0.815
0.99,G1,215.0,0.9307142857142858,0.9219776582096052,0.8821428571428571,0.8729452988944664,0.815
0.99,G1,220.0,0.9207142857142857,0.9119776582096053,0.88,0.866499498186898,0.81
0.99,G1,225.0,0.9442857142857141,0.9409829338992968,0.8935714285714286,0.8829628034696376,0.825
0.99,G1,230.0,0.942142857142857,0.9406517625620181,0.8914285714285715,0.8772371815051495,0.825
0.99,G1,235.0,0.9264285714285715,0.9213141052365758,0.8871428571428571,0.8729415796676409,0.82
0.99,G1,240.0,0.9185714285714287,0.9116452765738544,0.8807142857142857,0.8700780936272884,0.82
0.99,G2,60.0,0.6707142857142857,0.6610835698624615,0.6835714285714286,0.7065402435308341,0.655
0.99,G2,65.0,0.7521428571428571,0.7549187090717271,0.7221428571428572,0.746624393184862,0.685
0.99,G2,70.0,0.7285714285714286,0.7325557416943963,0.7021428571428572,0.728118239653778,0.675
0.99,G2,75.0,0.7164285714285714,0.7222245703571178,0.68,0.7016752337674875,0.675
0.99,G2,80.0,0.6985714285714286,0.7025557416943964,0.6514285714285715,0.6802292783575502,0.66
0.99,G2,85.0,0.7464285714285713,0.7585803327968215,0.6914285714285714,0.715234769260588,0.715
0.99,G2,90.0,0.7385714285714285,0.7489115041341003,0.6778571428571428,0.6959517292548487,0.71
0.99,G2,95.0,0.7192857142857143,0.7289164812791373,0.6564285714285715,0.6737979619068234,0.685
0.99,G2,100.0,0.6814285714285713,0.6892476526164157,0.64,0.6501829869395784,0.68
0.99,G2,105.0,0.7371428571428572,0.7315664777998325,0.6792857142857143,0.6830685482945731,0.69
0.99,G2,110.0,0.7071428571428571,0.7021388157653639,0.6657142857142857,0.6666494446610409,0.685
0.99,G2,115.0,0.6971428571428572,0.6921388157653638,0.6521428571428571,0.6516248171477962,0.67
0.99,G2,120.0,0.6721428571428572,0.6700119348864834,0.6342857142857142,0.6344517467698711,0.645
0.99,G2,125.0,0.7057142857142855,0.6931485226523819,0.6664285714285715,0.6583541719443425,0.69
0.99,G2,130.0,0.6792857142857144,0.6640604413040158,0.6514285714285715,0.6447565908852111,0.675
0.99,G2,135.0,0.6771428571428572,0.663729269966737,0.6371428571428571,0.634017055012571,0.665
0.99,G2,140.0,0.6614285714285714,0.6441370595191814,0.6185714285714285,0.6161174870350149,0.66
0.99,G2,145.0,0.6971428571428572,0.6743367185935923,0.6535714285714286,0.6496800677974658,0.66
0.99,G2,150.0,0.6950000000000001,0.6742572939971051,0.6428571428571429,0.6382670805492018,0.645
0.99,G2,155.0,0.6950000000000001,0.6742572939971051,0.6271428571428571,0.6325375406847924,0.63
0.99,G2,160.0,0.6850000000000002,0.664257293997105,0.6121428571428571,0.6189377876667707,0.615
0.99,G2,165.0,0.7200000000000001,0.6936734658908095,0.6507142857142857,0.6482237725371051,0.645
0.99,G2,170.0,0.7121428571428571,0.6840046372280886,0.6407142857142857,0.6338733743022686,0.63
0.99,G2,175.0,0.6885714285714286,0.6549981512399249,0.63,0.624562848105188,0.62
0.99,G2,180.0,0.6792857142857144,0.6450703767860606,0.6207142857142857,0.6138312990884404,0.605
0.99,G2,185.0,0.6885714285714286,0.6641726178449621,0.635,0.6335801337334935,0.63
0.99,G2,190.0,0.6707142857142857,0.6445037891822409,0.6228571428571429,0.6192623638669333,0.625
0.99,G2,195.0,0.655,0.6153533914668013,0.6142857142857143,0.6049445940003729,0.59
0.99,G2,200.0,0.6399999999999999,0.5985456898774875,0.5964285714285714,0.5999322592061778,0.57
0.99,G2,205.0,0.6864285714285715,0.6640756657587598,0.6328571428571429,0.6207312086128998,0.61
0.99,G2,210.0,0.6764285714285714,0.6540756657587596,0.6235714285714286,0.6135734046268905,0.605
0.99,G2,215.0,0.655,0.6340012183073092,0.615,0.599253944979316,0.59
0.99,G2,220.0,0.6449999999999999,0.6237494715665177,0.6071428571428571,0.5899519657576932,0.57
0.99,G2,225.0,0.6714285714285715,0.6452843944373561,0.6307142857142857,0.6178902122547377,0.6
0.99,G2,230.0,0.6392857142857142,0.6149532231000774,0.6192857142857143,0.6078685163392135,0.585
0.99,G2,235.0,0.6392857142857142,0.6149532231000774,0.61,0.5914117730288128,0.57
0.99,G2,240.0,0.6314285714285713,0.605284394437356,0.5971428571428572,0.5813900771132885,0.565
0.995,G0,60.0,0.9978571428571429,0.9996688286627207,0.99,0.9835424449112748,0.975
0.995,G0,65.0,0.9978571428571429,0.9996688286627207,0.9885714285714285,0.9821111408924432,0.975
0.995,G0,70.0,0.9800000000000002,0.9799999999999994,0.9842857142857143,0.9818173178105892,0.97
0.995,G0,75.0,0.9800000000000002,0.9799999999999994,0.9792857142857143,0.9811014628565922,0.97
0.995,G0,80.0,0.9800000000000002,0.9799999999999994,0.9778571428571429,0.9789534258810744,0.97
0.995,G0,85.0,0.9900000000000001,0.9899999999999994,0.9857142857142858,0.9853953749130866,0.97
0.995,G0,90.0,0.9900000000000001,0.9899999999999994,0.9857142857142858,0.98467951995909,0.965
0.995,G0,95.0,0.9900000000000001,0.9899999999999994,0.9842857142857143,0.98467951995909,0.965
0.995,G0,100.0,0.987857142857143,0.9896688286627207,0.9835714285714285,0.9839627870024032,0.965
0.995,G0,105.0,0.9800000000000002,0.9799999999999994,0.9828571428571429,0.9832460540457166,0.965
0.995,G0,110.0,0.9800000000000002,0.9799999999999994,0.9828571428571429,0.98252932108903,0.965
0.995,G0,115.0,0.9800000000000002,0.9799999999999994,0.9807142857142858,0.98252932108903,0.965
0.995,G0,120.0,0.9800000000000002,0.9799999999999994,0.9792857142857143,0.9818134661350332,0.965
0.995,G0,125.0,0.9821428571428573,0.9803311713372783,0.9807142857142858,0.9839606251078616,0.965
0.995,G0,130.0,0.9821428571428573,0.9803311713372783,0.9792857142857143,0.9832451760430267,0.96
0.995,G0,135.0,0.9821428571428573,0.9803311713372783,0.9792857142857143,0.9832451760430267,0.96
0.995,G0,140.0,0.9821428571428573,0.9803311713372783,0.9792857142857143,0.9818129940215056,0.96
0.995,G0,145.0,0.9821428571428573,0.9803311713372783,0.9778571428571429,0.9782345310298458,0.955
0.995,G0,150.0,0.9821428571428573,0.9803311713372783,0.9778571428571429,0.9782345310298458,0.945
0.995,G0,155.0,0.9821428571428573,0.9803311713372783,0.9764285714285714,0.9768010651164728,0.945
0.995,G0,160.0,0.9821428571428573,0.9803311713372783,0.9764285714285714,0.9768010651164728,0.945
0.995,G0,165.0,0.9900000000000001,0.9899999999999994,0.98,0.978949507981153,0.95
0.995,G0,170.0,0.9900000000000001,0.9899999999999994,0.98,0.9782327750244664,0.95
0.995,G0,175.0,0.9900000000000001,0.9899999999999994,0.9792857142857143,0.9782327750244664,0.95
0.995,G0,180.0,0.9900000000000001,0.9899999999999994,0.9792857142857143,0.9782327750244664,0.95
0.995,G0,185.0,0.9900000000000001,0.9899999999999994,0.9785714285714285,0.9782327750244664,0.95
0.995,G0,190.0,0.9821428571428573,0.9803311713372783,0.9771428571428571,0.977517325959632,0.95
0.995,G0,195.0,0.9821428571428573,0.9803311713372783,0.9757142857142858,0.9760860219408004,0.95
0.995,G0,200.0,0.9821428571428573,0.9803311713372783,0.975,0.975369288984114,0.945
0.995,G0,205.0,0.9821428571428573,0.9803311713372783,0.975,0.9782314911326144,0.945
0.995,G0,210.0,0.9821428571428573,0.9803311713372783,0.975,0.9768079005292436,0.945
0.995,G0,215.0,0.9821428571428573,0.9803311713372783,0.975,0.9768079005292436,0.945
0.995,G0,220.0,0.9821428571428573,0.9803311713372783,0.975,0.9760920455752466,0.945
0.995,G0,225.0,0.9821428571428573,0.9803311713372783,0.9742857142857143,0.9760920455752466,0.945
0.995,G0,230.0,0.9821428571428573,0.9803311713372783,0.9742857142857143,0.9739448866024184,0.945
0.995,G0,235.0,0.9821428571428573,0.9803311713372783,0.9742857142857143,0.9732290316484216,0.94
0.995,G0,240.0,0.9821428571428573,0.9803311713372783,0.9742857142857143,0.9717955657350484,0.94
0.995,G1,60.0,0.9235714285714286,0.9292582327289549,0.9092857142857143,0.9066249319772836,0.895
0.995,G1,65.0,0.9235714285714286,0.9292582327289549,0.8992857142857142,0.8984059352067528,0.895
0.995,G1,70.0,0.8914285714285715,0.8989270613916761,0.8885714285714286,0.8926764615667088,0.895
0.995,G1,75.0,0.8907142857142858,0.8989248906279608,0.8792857142857143,0.882658627391089,0.895
0.995,G1,80.0,0.8907142857142858,0.8989248906279608,0.8685714285714285,0.8754990673997003,0.885
0.995,G1,85.0,0.9021428571428574,0.9003311713372784,0.885,0.9066318336144196,0.9
0.995,G1,90.0,0.8921428571428575,0.8903311713372783,0.8814285714285715,0.8987589864527379,0.895
0.995,G1,95.0,0.8921428571428575,0.8903311713372783,0.8742857142857143,0.8944646022827161,0.885
0.995,G1,100.0,0.8821428571428573,0.8803311713372782,0.8707142857142857,0.8844429063671918,0.88
0.995,G1,105.0,0.874285714285714,0.8706623426745571,0.8671428571428571,0.8808631594836801,0.875
0.995,G1,110.0,0.8564285714285713,0.8509935140118357,0.8592857142857143,0.877317628272316,0.865
0.995,G1,115.0,0.8464285714285714,0.8409935140118358,0.8521428571428571,0.8730220264348073,0.865
0.995,G1,120.0,0.8464285714285714,0.8409935140118358,0.8457142857142858,0.8651556750210995,0.86
0.995,G1,125.0,0.874285714285714,0.8709829338992968,0.8721428571428571,0.8815829424019467,0.87
0.995,G1,130.0,0.874285714285714,0.8709829338992968,0.8678571428571429,0.8765701354942239,0.86
0.995,G1,135.0,0.874285714285714,0.8709829338992968,0.8621428571428571,0.8679788655948415,0.85
0.995,G1,140.0,0.874285714285714,0.8709829338992968,0.8564285714285714,0.8586734967468416,0.845
0.995,G1,145.0,0.874285714285714,0.8709829338992968,0.8528571428571429,0.8515144088689803,0.82
0.995,G1,150.0,0.872142857142857,0.8709035093028095,0.8457142857142858,0.845071242169481,0.81
0.995,G1,155.0,0.872142857142857,0.8709035093028095,0.8421428571428572,0.840775168218445,0.81
0.995,G1,160.0,0.8621428571428569,0.8609035093028095,0.8321428571428572,0.8350477902485774,0.805
0.995,G1,165.0,0.8799999999999998,0.8719054326634694,0.8614285714285714,0.8658298961095927,0.84
0.995,G1,170.0,0.8799999999999998,0.8719054326634694,0.86,0.8601038020315771,0.84
0.995,G1,175.0,0.872142857142857,0.8622366040007481,0.8535714285714285,0.8558082001940684,0.835
0.995,G1,180.0,0.8642857142857141,0.8525677753380269,0.8507142857142858,0.852950737788162,0.825
0.995,G1,185.0,0.8628571428571428,0.8525605762876753,0.8471428571428572,0.8515194337693306,0.825
0.995,G1,190.0,0.8507142857142858,0.8422294049503968,0.845,0.8436470587211764,0.82
0.995,G1,195.0,0.8507142857142858,0.8422294049503968,0.8421428571428572,0.8379192748621466,0.805
0.995,G1,200.0,0.8407142857142859,0.8322294049503967,0.8357142857142857,0.83505322103809,0.8
0.995,G1,205.0,0.8871428571428568,0.8726493706982295,0.8564285714285714,0.8500517521838098,0.8
0.995,G1,210.0,0.8871428571428568,0.8726493706982295,0.8535714285714285,0.8450407012814665,0.8
0.995,G1,215.0,0.8871428571428568,0.8726493706982295,0.8507142857142858,0.8414622382898067,0.8
0.995,G1,220.0,0.8871428571428568,0.8726493706982295,0.8492857142857143,0.833583849671555,0.795
0.995,G1,225.0,0.8871428571428568,0.8726493706982295,0.8457142857142858,0.8285706368746699,0.795
0.995,G1,230.0,0.8792857142857141,0.8629805420355082,0.84,0.8242759130398511,0.795
0.995,G1,235.0,0.8792857142857141,0.8629805420355082,0.8364285714285714,0.818549007183511,0.79
0.995,G1,240.0,0.8714285714285712,0.8533117133727869,0.8285714285714286,0.8142538112351646,0.785
0.995,G2,60.0,0.6992857142857142,0.7046661261817536,0.7085714285714285,0.7313443228047549,0.71
0.995,G2,65.0,0.6899999999999997,0.694990098468681,0.6857142857142857,0.7181129250156636,0.69
0.995,G2,70.0,0.6435714285714286,0.6436885928419174,0.6614285714285715,0.7003226264385768,0.675
0.995,G2,75.0,0.6228571428571428,0.623686422078202,0.6357142857142857,0.6753109907954828,0.66
0.995,G2,80.0,0.6228571428571428,0.623686422078202,0.6092857142857143,0.6595563754535209,0.65
0.995,G2,85.0,0.6971428571428572,0.6994501180721482,0.6785714285714286,0.7089020351454912,0.685
0.995,G2,90.0,0.687142857142857,0.6897018648129395,0.6664285714285715,0.6960609441717643,0.68
0.995,G2,95.0,0.677142857142857,0.6797018648129397,0.6478571428571429,0.6760187700082027,0.655
0.995,G2,100.0,0.6392857142857142,0.6400330361502184,0.6314285714285715,0.6545445907145427,0.65
0.995,G2,105.0,0.6192857142857143,0.6200330361502185,0.6214285714285714,0.6373642790346846,0.63
0.995,G2,110.0,0.5892857142857143,0.5903536273749583,0.6057142857142858,0.6237704834267438,0.625
0.995,G2,115.0,0.5814285714285715,0.580684798712237,0.5935714285714285,0.6101771599323306,0.605
0.995,G2,120.0,0.5692857142857143,0.5614321689507841,0.575,0.5944342203484427,0.575
0.995,G2,125.0,0.6392857142857142,0.6480906838378262,0.6392857142857142,0.6404605812841065,0.675
0.995,G2,130.0,0.6235714285714286,0.6287530265123839,0.6242857142857143,0.6240020819683263,0.655
0.995,G2,135.0,0.6214285714285716,0.628421855175105,0.6121428571428571,0.6111145091201684,0.635
0.995,G2,140.0,0.6085714285714285,0.609165793209865,0.5957142857142858,0.5967963333644458,0.63
0.995,G2,145.0,0.5957142857142858,0.598999421958848,0.5821428571428572,0.5788979386116839,0.605
0.995,G2,150.0,0.5857142857142857,0.588999421958848,0.5735714285714286,0.5717410126283643,0.585
0.995,G2,155.0,0.565,0.5588626581403247,0.56,0.5581365743747895,0.56
0.995,G2,160.0,0.5571428571428572,0.5491938294776034,0.545,0.5438209664027708,0.555
0.995,G2,165.0,0.6478571428571429,0.6413532113323491,0.6042857142857143,0.5943199520809668,0.6
0.995,G2,170.0,0.6221428571428571,0.6120155028653074,0.5921428571428572,0.5828342575539698,0.59
0.995,G2,175.0,0.6064285714285714,0.5926778455398649,0.5821428571428572,0.5721027747615873,0.585
0.995,G2,180.0,0.5921428571428572,0.5730956405239821,0.5714285714285714,0.5642265480378773,0.57
0.995,G2,185.0,0.5778571428571428,0.5626850445902163,0.5578571428571428,0.5542061360142051,0.565
0.995,G2,190.0,0.5664285714285715,0.5525096643914156,0.5485714285714286,0.5427514462988351,0.555
0.995,G2,195.0,0.5592857142857143,0.542845812873731,0.5378571428571428,0.530580835405103,0.53
0.995,G2,200.0,0.5528571428571428,0.5357119170921754,0.5264285714285715,0.5255685006109079,0.515
0.995,G2,205.0,0.595,0.5639718869488554,0.5728571428571428,0.5743248299757501,0.565
0.995,G2,210.0,0.5771428571428573,0.5443030582861343,0.5621428571428572,0.565019055238588,0.56
0.995,G2,215.0,0.5757142857142858,0.5442946489373108,0.5557142857142857,0.5535647714123803,0.55
0.995,G2,220.0,0.5721428571428573,0.5439562785496806,0.5492857142857143,0.5478348256588087,0.525
0.995,G2,225.0,0.5700000000000002,0.543625107212402,0.5428571428571428,0.5399689463586282,0.52
0.995,G2,230.0,0.5464285714285715,0.5238590747903032,0.5321428571428571,0.531377315012776,0.5
0.995,G2,235.0,0.5464285714285715,0.5238590747903032,0.5221428571428571,0.5141957194410659,0.48
0.995,G2,240.0,0.5292857142857141,0.5068694932894687,0.5071428571428571,0.5084700974765778,0.465
