regime,method,n_points,n_queries,bias,mae,interpretation
Easy,M0,185,5,-0.6135501729729731,0.6135501729729731,conservative
Easy,M1,185,5,0.04097297297297298,0.04097297297297298,optimistic
Easy,M2,185,5,0.010456456456456485,0.023639639639639644,optimistic
Easy,M3_TOP14,185,5,0.02363166816074175,0.02363166816074175,optimistic
Easy,M3_TOP1,185,5,0.022965250965251,0.022965250965251,optimistic
Easy,M3_TOP3,185,5,0.02415604022588633,0.02415604022588633,optimistic
Mid,M0,148,4,-0.5201416283783781,0.5201416283783781,conservative
Mid,M1,185,5,0.1505135135135135,0.1505135135135135,optimistic
Mid,M2,185,5,0.0307857857857858,0.07054754754754755,optimistic
Mid,M3_TOP14,185,5,0.03502218819749124,0.035528556618686875,optimistic
Mid,M3_TOP1,185,5,0.03143629343629345,0.03454054054054055,optimistic
Mid,M3_TOP3,185,5,0.035627046500830484,0.03592050338545986,optimistic
Stress,M0,0,0,,,NOT_APPLICABLE
Stress,M1,185,5,0.3640270270270269,0.3640270270270269,optimistic
Stress,M2,185,5,0.10088188188188182,0.11027327327327335,optimistic
Stress,M3_TOP14,185,5,0.026067185514969077,0.03194511084925515,optimistic
Stress,M3_TOP1,185,5,0.02054440154440154,0.028845559845559848,optimistic
Stress,M3_TOP3,185,5,0.02631639803950279,0.031551350362955505,optimistic
