scope,method,n_points,mae,bias,raw_mse,raw_rmse,mean_estimated_WB_variance,WB_noise_adjusted_mse,WB_noise_adjusted_rmse,estimated_WB_noise_fraction_of_raw_mse
ALL,M1,555,0.18517117117117118,0.18517117117117118,0.05323900900900909,0.23073579914917644,0.0006639435918330386,0.05257506541717605,0.2292925324060425,0.01247099831855785
Easy,M1,185,0.04097297297297298,0.04097297297297298,0.0017702702702702701,0.0420745798585116,0.00019699850604373248,0.0015732717642265377,0.03966448996554144,0.11128159883386415
Mid,M1,185,0.1505135135135135,0.1505135135135135,0.02327094594594595,0.15254817581979127,0.0006396217574358276,0.022631324188510122,0.15043711040999863,0.027485851194942793
Stress,M1,185,0.3640270270270269,0.3640270270270269,0.13467581081081081,0.3669820306374834,0.0011552105120195587,0.13352060029879126,0.36540470754875515,0.008577713436916814
ALL,M2,555,0.06815348682015353,0.04737470804137475,0.008862443801826526,0.09414055343913444,0.0006639435918330386,0.008198500209993487,0.09054556979771836,0.07491653619244407
Easy,M2,185,0.023639639639639644,0.010456456456456485,0.0006536195454713981,0.025565984148305305,0.00019699850604373248,0.0004566210394276656,0.02136869297424776,0.3013962899497671
Mid,M2,185,0.07054754754754755,0.0307857857857858,0.005975239869499134,0.07729967573993525,0.0006396217574358276,0.005335618112063307,0.07304531546966792,0.10704536912414246
Stress,M2,185,0.11027327327327335,0.10088188188188182,0.019958471990509003,0.14127445625628507,0.0011552105120195587,0.018803261478489444,0.1371249848805441,0.05788070913288875
ALL,M3_TOP1,555,0.028783783783783757,0.02498198198198197,0.0011601020408163307,0.034060270709674795,0.0006639435918330386,0.0004961584489832921,0.022274614451956113,0.5723148210012978
Easy,M3_TOP1,185,0.022965250965251024,0.022965250965251024,0.000570325427468286,0.0238814871284911,0.00019699850604373248,0.0003733269214245535,0.01932166973697029,0.3454142083726171
Mid,M3_TOP1,185,0.03454054054054055,0.03143629343629346,0.001640182018753448,0.04049916071665496,0.0006396217574358276,0.0010005602613176205,0.03163163387050407,0.3899699851129605
Stress,M3_TOP1,185,0.028845559845559865,0.02054440154440154,0.0012697986762272486,0.035634234609813756,0.0011552105120195587,0.00011458816420768987,0.010704586129677778,0.9097587937733976
ALL,M3_TOP3,555,0.030542631324767214,0.028699828255406512,0.0012746116078182206,0.03570170315010505,0.0006639435918330386,0.000610668015985182,0.02471169795835936,0.5208987488898871
Easy,M3_TOP3,185,0.02415604022588634,0.02415604022588634,0.0006295476959248052,0.02509078906540815,0.00019699850604373248,0.00043254918988107273,0.02079781694988858,0.3129207005584252
Mid,M3_TOP3,185,0.035920503385459844,0.03562704650083047,0.0016914934472757894,0.0411277697824206,0.0006396217574358276,0.0010518716898399619,0.03243257143428442,0.3781402514245393
Stress,M3_TOP3,185,0.0315513503629555,0.02631639803950278,0.0015027936802540658,0.03876588294175777,0.0011552105120195587,0.0003475831682345071,0.01864358249464161,0.7687086572151781
ALL,M3_TOP14,555,0.030368445209561272,0.02824034729106736,0.0012804145247063627,0.03578288032993379,0.0006639435918330386,0.0006164709328733241,0.024828832692523506,0.5185380039212697
Easy,M3_TOP14,185,0.02363166816074175,0.02363166816074175,0.0006086029564359815,0.024669879538335437,0.00019699850604373248,0.000411604450392249,0.020288037125169328,0.32368969614832066
Mid,M3_TOP14,185,0.035528556618686875,0.03502218819749124,0.0016840702034598403,0.04103742442527114,0.0006396217574358276,0.0010444484460240128,0.03231792762576234,0.3798070627470018
Stress,M3_TOP14,185,0.03194511084925515,0.026067185514969077,0.0015485704142232672,0.039351879424282483,0.0011552105120195587,0.00039335990220370847,0.019833302856652708,0.7459851366196931
