rho_global,regime,horizon,sigma_whitebox,sigma_m3_top1_existing,n_trajectories,variant_id,error_top1_existing,abs_error_top1_existing,diagnostic_role
0.95,G0,60.0,0.94,0.9577777777777776,900,M3Q_R01,0.01777777777777767,0.01777777777777767,NOT_COST_MATCHED_EXISTING_RANK1_MEMBER
0.95,G0,65.0,0.945,0.9611111111111112,900,M3Q_R01,0.016111111111111298,0.016111111111111298,NOT_COST_MATCHED_EXISTING_RANK1_MEMBER
0.95,G0,70.0,0.945,0.96,900,M3Q_R01,0.015000000000000013,0.015000000000000013,NOT_COST_MATCHED_EXISTING_RANK1_MEMBER
0.95,G0,75.0,0.945,0.9588888888888888,900,M3Q_R01,0.01388888888888884,0.01388888888888884,NOT_COST_MATCHED_EXISTING_RANK1_MEMBER
0.95,G0,80.0,0.95,0.9611111111111112,900,M3Q_R01,0.011111111111111294,0.011111111111111294,NOT_COST_MATCHED_EXISTING_RANK1_MEMBER
0.95,G0,85.0,0.955,0.9688888888888888,900,M3Q_R01,0.01388888888888884,0.01388888888888884,NOT_COST_MATCHED_EXISTING_RANK1_MEMBER
0.95,G0,90.0,0.95,0.9677777777777776,900,M3Q_R01,0.01777777777777767,0.01777777777777767,NOT_COST_MATCHED_EXISTING_RANK1_MEMBER
0.95,G0,95.0,0.95,0.9744444444444444,900,M3Q_R01,0.02444444444444449,0.02444444444444449,NOT_COST_MATCHED_EXISTING_RANK1_MEMBER
0.95,G0,100.0,0.945,0.9777777777777776,900,M3Q_R01,0.032777777777777684,0.032777777777777684,NOT_COST_MATCHED_EXISTING_RANK1_MEMBER
0.95,G0,105.0,0.95,0.9822222222222222,900,M3Q_R01,0.03222222222222226,0.03222222222222226,NOT_COST_MATCHED_EXISTING_RANK1_MEMBER
0.95,G0,110.0,0.955,0.9833333333333332,900,M3Q_R01,0.02833333333333321,0.02833333333333321,NOT_COST_MATCHED_EXISTING_RANK1_MEMBER
0.95,G0,115.0,0.96,0.9844444444444445,900,M3Q_R01,0.02444444444444449,0.02444444444444449,NOT_COST_MATCHED_EXISTING_RANK1_MEMBER
0.95,G0,120.0,0.96,0.9855555555555556,900,M3Q_R01,0.025555555555555665,0.025555555555555665,NOT_COST_MATCHED_EXISTING_RANK1_MEMBER
0.95,G0,125.0,0.96,0.9855555555555556,900,M3Q_R01,0.025555555555555665,0.025555555555555665,NOT_COST_MATCHED_EXISTING_RANK1_MEMBER
0.95,G0,130.0,0.955,0.9866666666666668,900,M3Q_R01,0.03166666666666684,0.03166666666666684,NOT_COST_MATCHED_EXISTING_RANK1_MEMBER
0.95,G0,135.0,0.955,0.9888888888888888,900,M3Q_R01,0.03388888888888886,0.03388888888888886,NOT_COST_MATCHED_EXISTING_RANK1_MEMBER
0.95,G0,140.0,0.96,0.9888888888888888,900,M3Q_R01,0.028888888888888853,0.028888888888888853,NOT_COST_MATCHED_EXISTING_RANK1_MEMBER
0.95,G0,145.0,0.965,0.9877777777777778,900,M3Q_R01,0.022777777777777786,0.022777777777777786,NOT_COST_MATCHED_EXISTING_RANK1_MEMBER
0.95,G0,150.0,0.965,0.9888888888888888,900,M3Q_R01,0.02388888888888885,0.02388888888888885,NOT_COST_MATCHED_EXISTING_RANK1_MEMBER
0.95,G0,155.0,0.965,0.9877777777777778,900,M3Q_R01,0.022777777777777786,0.022777777777777786,NOT_COST_MATCHED_EXISTING_RANK1_MEMBER
0.95,G0,160.0,0.965,0.9866666666666668,900,M3Q_R01,0.021666666666666834,0.021666666666666834,NOT_COST_MATCHED_EXISTING_RANK1_MEMBER
0.95,G0,165.0,0.965,0.9911111111111112,900,M3Q_R01,0.026111111111111196,0.026111111111111196,NOT_COST_MATCHED_EXISTING_RANK1_MEMBER
0.95,G0,170.0,0.965,0.99,900,M3Q_R01,0.025000000000000022,0.025000000000000022,NOT_COST_MATCHED_EXISTING_RANK1_MEMBER
0.95,G0,175.0,0.97,0.99,900,M3Q_R01,0.020000000000000018,0.020000000000000018,NOT_COST_MATCHED_EXISTING_RANK1_MEMBER
0.95,G0,180.0,0.97,0.99,900,M3Q_R01,0.020000000000000018,0.020000000000000018,NOT_COST_MATCHED_EXISTING_RANK1_MEMBER
0.95,G0,185.0,0.97,0.9944444444444444,900,M3Q_R01,0.02444444444444438,0.02444444444444438,NOT_COST_MATCHED_EXISTING_RANK1_MEMBER
0.95,G0,190.0,0.97,0.9944444444444444,900,M3Q_R01,0.02444444444444438,0.02444444444444438,NOT_COST_MATCHED_EXISTING_RANK1_MEMBER
0.95,G0,195.0,0.97,0.9966666666666668,900,M3Q_R01,0.02666666666666684,0.02666666666666684,NOT_COST_MATCHED_EXISTING_RANK1_MEMBER
0.95,G0,200.0,0.97,0.9966666666666668,900,M3Q_R01,0.02666666666666684,0.02666666666666684,NOT_COST_MATCHED_EXISTING_RANK1_MEMBER
0.95,G0,205.0,0.97,0.9977777777777778,900,M3Q_R01,0.02777777777777779,0.02777777777777779,NOT_COST_MATCHED_EXISTING_RANK1_MEMBER
0.95,G0,210.0,0.975,0.9977777777777778,900,M3Q_R01,0.022777777777777786,0.022777777777777786,NOT_COST_MATCHED_EXISTING_RANK1_MEMBER
0.95,G0,215.0,0.975,0.9977777777777778,900,M3Q_R01,0.022777777777777786,0.022777777777777786,NOT_COST_MATCHED_EXISTING_RANK1_MEMBER
0.95,G0,220.0,0.975,0.9977777777777778,900,M3Q_R01,0.022777777777777786,0.022777777777777786,NOT_COST_MATCHED_EXISTING_RANK1_MEMBER
0.95,G0,225.0,0.975,0.9966666666666668,900,M3Q_R01,0.021666666666666834,0.021666666666666834,NOT_COST_MATCHED_EXISTING_RANK1_MEMBER
0.95,G0,230.0,0.975,0.9977777777777778,900,M3Q_R01,0.022777777777777786,0.022777777777777786,NOT_COST_MATCHED_EXISTING_RANK1_MEMBER
0.95,G0,235.0,0.975,0.9977777777777778,900,M3Q_R01,0.022777777777777786,0.022777777777777786,NOT_COST_MATCHED_EXISTING_RANK1_MEMBER
0.95,G0,240.0,0.98,0.9988888888888888,900,M3Q_R01,0.018888888888888844,0.018888888888888844,NOT_COST_MATCHED_EXISTING_RANK1_MEMBER
0.95,G1,60.0,0.81,0.8577777777777778,900,M3Q_R01,0.0477777777777777,0.0477777777777777,NOT_COST_MATCHED_EXISTING_RANK1_MEMBER
0.95,G1,65.0,0.825,0.8711111111111111,900,M3Q_R01,0.0461111111111111,0.0461111111111111,NOT_COST_MATCHED_EXISTING_RANK1_MEMBER
0.95,G1,70.0,0.83,0.87,900,M3Q_R01,0.040000000000000036,0.040000000000000036,NOT_COST_MATCHED_EXISTING_RANK1_MEMBER
0.95,G1,75.0,0.83,0.87,900,M3Q_R01,0.040000000000000036,0.040000000000000036,NOT_COST_MATCHED_EXISTING_RANK1_MEMBER
0.95,G1,80.0,0.83,0.8655555555555555,900,M3Q_R01,0.03555555555555556,0.03555555555555556,NOT_COST_MATCHED_EXISTING_RANK1_MEMBER
0.95,G1,85.0,0.845,0.8777777777777778,900,M3Q_R01,0.032777777777777795,0.032777777777777795,NOT_COST_MATCHED_EXISTING_RANK1_MEMBER
0.95,G1,90.0,0.855,0.8755555555555555,900,M3Q_R01,0.02055555555555555,0.02055555555555555,NOT_COST_MATCHED_EXISTING_RANK1_MEMBER
0.95,G1,95.0,0.84,0.8722222222222222,900,M3Q_R01,0.03222222222222226,0.03222222222222226,NOT_COST_MATCHED_EXISTING_RANK1_MEMBER
0.95,G1,100.0,0.845,0.8666666666666667,900,M3Q_R01,0.021666666666666723,0.021666666666666723,NOT_COST_MATCHED_EXISTING_RANK1_MEMBER
0.95,G1,105.0,0.865,0.8777777777777778,900,M3Q_R01,0.012777777777777777,0.012777777777777777,NOT_COST_MATCHED_EXISTING_RANK1_MEMBER
0.95,G1,110.0,0.86,0.8788888888888889,900,M3Q_R01,0.018888888888888955,0.018888888888888955,NOT_COST_MATCHED_EXISTING_RANK1_MEMBER
0.95,G1,115.0,0.87,0.88,900,M3Q_R01,0.010000000000000009,0.010000000000000009,NOT_COST_MATCHED_EXISTING_RANK1_MEMBER
0.95,G1,120.0,0.87,0.89,900,M3Q_R01,0.020000000000000018,0.020000000000000018,NOT_COST_MATCHED_EXISTING_RANK1_MEMBER
0.95,G1,125.0,0.865,0.8966666666666666,900,M3Q_R01,0.03166666666666662,0.03166666666666662,NOT_COST_MATCHED_EXISTING_RANK1_MEMBER
0.95,G1,130.0,0.86,0.8922222222222222,900,M3Q_R01,0.03222222222222226,0.03222222222222226,NOT_COST_MATCHED_EXISTING_RANK1_MEMBER
0.95,G1,135.0,0.86,0.8955555555555555,900,M3Q_R01,0.03555555555555556,0.03555555555555556,NOT_COST_MATCHED_EXISTING_RANK1_MEMBER
0.95,G1,140.0,0.865,0.8922222222222222,900,M3Q_R01,0.02722222222222226,0.02722222222222226,NOT_COST_MATCHED_EXISTING_RANK1_MEMBER
0.95,G1,145.0,0.855,0.9055555555555556,900,M3Q_R01,0.050555555555555576,0.050555555555555576,NOT_COST_MATCHED_EXISTING_RANK1_MEMBER
0.95,G1,150.0,0.855,0.9,900,M3Q_R01,0.04500000000000004,0.04500000000000004,NOT_COST_MATCHED_EXISTING_RANK1_MEMBER
0.95,G1,155.0,0.855,0.9,900,M3Q_R01,0.04500000000000004,0.04500000000000004,NOT_COST_MATCHED_EXISTING_RANK1_MEMBER
0.95,G1,160.0,0.855,0.9055555555555556,900,M3Q_R01,0.050555555555555576,0.050555555555555576,NOT_COST_MATCHED_EXISTING_RANK1_MEMBER
0.95,G1,165.0,0.855,0.9144444444444444,900,M3Q_R01,0.05944444444444441,0.05944444444444441,NOT_COST_MATCHED_EXISTING_RANK1_MEMBER
0.95,G1,170.0,0.86,0.9088888888888887,900,M3Q_R01,0.04888888888888876,0.04888888888888876,NOT_COST_MATCHED_EXISTING_RANK1_MEMBER
0.95,G1,175.0,0.855,0.91,900,M3Q_R01,0.05500000000000005,0.05500000000000005,NOT_COST_MATCHED_EXISTING_RANK1_MEMBER
0.95,G1,180.0,0.86,0.9144444444444444,900,M3Q_R01,0.054444444444444406,0.054444444444444406,NOT_COST_MATCHED_EXISTING_RANK1_MEMBER
0.95,G1,185.0,0.87,0.9222222222222224,900,M3Q_R01,0.05222222222222239,0.05222222222222239,NOT_COST_MATCHED_EXISTING_RANK1_MEMBER
0.95,G1,190.0,0.86,0.92,900,M3Q_R01,0.06000000000000005,0.06000000000000005,NOT_COST_MATCHED_EXISTING_RANK1_MEMBER
0.95,G1,195.0,0.865,0.92,900,M3Q_R01,0.05500000000000005,0.05500000000000005,NOT_COST_MATCHED_EXISTING_RANK1_MEMBER
0.95,G1,200.0,0.855,0.9222222222222224,900,M3Q_R01,0.0672222222222224,0.0672222222222224,NOT_COST_MATCHED_EXISTING_RANK1_MEMBER
0.95,G1,205.0,0.875,0.9288888888888888,900,M3Q_R01,0.053888888888888764,0.053888888888888764,NOT_COST_MATCHED_EXISTING_RANK1_MEMBER
0.95,G1,210.0,0.86,0.9288888888888888,900,M3Q_R01,0.06888888888888878,0.06888888888888878,NOT_COST_MATCHED_EXISTING_RANK1_MEMBER
0.95,G1,215.0,0.87,0.9355555555555556,900,M3Q_R01,0.06555555555555559,0.06555555555555559,NOT_COST_MATCHED_EXISTING_RANK1_MEMBER
0.95,G1,220.0,0.87,0.9344444444444444,900,M3Q_R01,0.06444444444444442,0.06444444444444442,NOT_COST_MATCHED_EXISTING_RANK1_MEMBER
0.95,G1,225.0,0.875,0.9366666666666666,900,M3Q_R01,0.06166666666666665,0.06166666666666665,NOT_COST_MATCHED_EXISTING_RANK1_MEMBER
0.95,G1,230.0,0.87,0.9333333333333332,900,M3Q_R01,0.06333333333333324,0.06333333333333324,NOT_COST_MATCHED_EXISTING_RANK1_MEMBER
0.95,G1,235.0,0.86,0.9333333333333332,900,M3Q_R01,0.07333333333333325,0.07333333333333325,NOT_COST_MATCHED_EXISTING_RANK1_MEMBER
0.95,G1,240.0,0.865,0.9377777777777778,900,M3Q_R01,0.07277777777777783,0.07277777777777783,NOT_COST_MATCHED_EXISTING_RANK1_MEMBER
0.95,G2,60.0,0.65,0.7055555555555556,900,M3Q_R01,0.05555555555555558,0.05555555555555558,NOT_COST_MATCHED_EXISTING_RANK1_MEMBER
0.95,G2,65.0,0.645,0.7311111111111112,900,M3Q_R01,0.08611111111111114,0.08611111111111114,NOT_COST_MATCHED_EXISTING_RANK1_MEMBER
0.95,G2,70.0,0.635,0.7244444444444444,900,M3Q_R01,0.08944444444444444,0.08944444444444444,NOT_COST_MATCHED_EXISTING_RANK1_MEMBER
0.95,G2,75.0,0.645,0.7233333333333334,900,M3Q_R01,0.07833333333333337,0.07833333333333337,NOT_COST_MATCHED_EXISTING_RANK1_MEMBER
0.95,G2,80.0,0.625,0.71,900,M3Q_R01,0.08499999999999996,0.08499999999999996,NOT_COST_MATCHED_EXISTING_RANK1_MEMBER
0.95,G2,85.0,0.66,0.73,900,M3Q_R01,0.06999999999999995,0.06999999999999995,NOT_COST_MATCHED_EXISTING_RANK1_MEMBER
0.95,G2,90.0,0.64,0.7077777777777777,900,M3Q_R01,0.06777777777777771,0.06777777777777771,NOT_COST_MATCHED_EXISTING_RANK1_MEMBER
0.95,G2,95.0,0.645,0.7077777777777777,900,M3Q_R01,0.06277777777777771,0.06277777777777771,NOT_COST_MATCHED_EXISTING_RANK1_MEMBER
0.95,G2,100.0,0.66,0.6977777777777778,900,M3Q_R01,0.0377777777777778,0.0377777777777778,NOT_COST_MATCHED_EXISTING_RANK1_MEMBER
0.95,G2,105.0,0.685,0.7066666666666667,900,M3Q_R01,0.021666666666666612,0.021666666666666612,NOT_COST_MATCHED_EXISTING_RANK1_MEMBER
0.95,G2,110.0,0.695,0.7011111111111111,900,M3Q_R01,0.006111111111111178,0.006111111111111178,NOT_COST_MATCHED_EXISTING_RANK1_MEMBER
0.95,G2,115.0,0.675,0.7011111111111111,900,M3Q_R01,0.026111111111111085,0.026111111111111085,NOT_COST_MATCHED_EXISTING_RANK1_MEMBER
0.95,G2,120.0,0.65,0.6988888888888889,900,M3Q_R01,0.04888888888888887,0.04888888888888887,NOT_COST_MATCHED_EXISTING_RANK1_MEMBER
0.95,G2,125.0,0.66,0.7155555555555555,900,M3Q_R01,0.05555555555555547,0.05555555555555547,NOT_COST_MATCHED_EXISTING_RANK1_MEMBER
0.95,G2,130.0,0.64,0.7077777777777777,900,M3Q_R01,0.06777777777777771,0.06777777777777771,NOT_COST_MATCHED_EXISTING_RANK1_MEMBER
0.95,G2,135.0,0.66,0.7,900,M3Q_R01,0.039999999999999925,0.039999999999999925,NOT_COST_MATCHED_EXISTING_RANK1_MEMBER
0.95,G2,140.0,0.655,0.6944444444444444,900,M3Q_R01,0.03944444444444439,0.03944444444444439,NOT_COST_MATCHED_EXISTING_RANK1_MEMBER
0.95,G2,145.0,0.67,0.6977777777777778,900,M3Q_R01,0.02777777777777779,0.02777777777777779,NOT_COST_MATCHED_EXISTING_RANK1_MEMBER
0.95,G2,150.0,0.67,0.6944444444444444,900,M3Q_R01,0.02444444444444438,0.02444444444444438,NOT_COST_MATCHED_EXISTING_RANK1_MEMBER
0.95,G2,155.0,0.665,0.6933333333333334,900,M3Q_R01,0.02833333333333332,0.02833333333333332,NOT_COST_MATCHED_EXISTING_RANK1_MEMBER
0.95,G2,160.0,0.645,0.6877777777777778,900,M3Q_R01,0.0427777777777778,0.0427777777777778,NOT_COST_MATCHED_EXISTING_RANK1_MEMBER
0.95,G2,165.0,0.66,0.6977777777777778,900,M3Q_R01,0.0377777777777778,0.0377777777777778,NOT_COST_MATCHED_EXISTING_RANK1_MEMBER
0.95,G2,170.0,0.665,0.6888888888888889,900,M3Q_R01,0.02388888888888885,0.02388888888888885,NOT_COST_MATCHED_EXISTING_RANK1_MEMBER
0.95,G2,175.0,0.67,0.7033333333333334,900,M3Q_R01,0.033333333333333326,0.033333333333333326,NOT_COST_MATCHED_EXISTING_RANK1_MEMBER
0.95,G2,180.0,0.65,0.7011111111111111,900,M3Q_R01,0.05111111111111111,0.05111111111111111,NOT_COST_MATCHED_EXISTING_RANK1_MEMBER
0.95,G2,185.0,0.675,0.7166666666666667,900,M3Q_R01,0.04166666666666663,0.04166666666666663,NOT_COST_MATCHED_EXISTING_RANK1_MEMBER
0.95,G2,190.0,0.665,0.7111111111111111,900,M3Q_R01,0.0461111111111111,0.0461111111111111,NOT_COST_MATCHED_EXISTING_RANK1_MEMBER
0.95,G2,195.0,0.65,0.7044444444444444,900,M3Q_R01,0.054444444444444406,0.054444444444444406,NOT_COST_MATCHED_EXISTING_RANK1_MEMBER
0.95,G2,200.0,0.64,0.7055555555555556,900,M3Q_R01,0.06555555555555559,0.06555555555555559,NOT_COST_MATCHED_EXISTING_RANK1_MEMBER
0.95,G2,205.0,0.65,0.7211111111111111,900,M3Q_R01,0.07111111111111112,0.07111111111111112,NOT_COST_MATCHED_EXISTING_RANK1_MEMBER
0.95,G2,210.0,0.655,0.72,900,M3Q_R01,0.06499999999999995,0.06499999999999995,NOT_COST_MATCHED_EXISTING_RANK1_MEMBER
0.95,G2,215.0,0.665,0.71,900,M3Q_R01,0.04499999999999993,0.04499999999999993,NOT_COST_MATCHED_EXISTING_RANK1_MEMBER
0.95,G2,220.0,0.645,0.7122222222222222,900,M3Q_R01,0.06722222222222218,0.06722222222222218,NOT_COST_MATCHED_EXISTING_RANK1_MEMBER
0.95,G2,225.0,0.62,0.7233333333333334,900,M3Q_R01,0.10333333333333339,0.10333333333333339,NOT_COST_MATCHED_EXISTING_RANK1_MEMBER
0.95,G2,230.0,0.625,0.7133333333333334,900,M3Q_R01,0.08833333333333337,0.08833333333333337,NOT_COST_MATCHED_EXISTING_RANK1_MEMBER
0.95,G2,235.0,0.61,0.7133333333333334,900,M3Q_R01,0.10333333333333339,0.10333333333333339,NOT_COST_MATCHED_EXISTING_RANK1_MEMBER
0.95,G2,240.0,0.615,0.7055555555555556,900,M3Q_R01,0.09055555555555561,0.09055555555555561,NOT_COST_MATCHED_EXISTING_RANK1_MEMBER
0.975,G0,60.0,0.955,0.9622222222222222,900,M3Q_R01,0.007222222222222241,0.007222222222222241,NOT_COST_MATCHED_EXISTING_RANK1_MEMBER
0.975,G0,65.0,0.955,0.9611111111111112,900,M3Q_R01,0.006111111111111289,0.006111111111111289,NOT_COST_MATCHED_EXISTING_RANK1_MEMBER
0.975,G0,70.0,0.95,0.96,900,M3Q_R01,0.010000000000000009,0.010000000000000009,NOT_COST_MATCHED_EXISTING_RANK1_MEMBER
0.975,G0,75.0,0.95,0.9622222222222222,900,M3Q_R01,0.012222222222222245,0.012222222222222245,NOT_COST_MATCHED_EXISTING_RANK1_MEMBER
0.975,G0,80.0,0.95,0.96,900,M3Q_R01,0.010000000000000009,0.010000000000000009,NOT_COST_MATCHED_EXISTING_RANK1_MEMBER
0.975,G0,85.0,0.955,0.9666666666666668,900,M3Q_R01,0.011666666666666825,0.011666666666666825,NOT_COST_MATCHED_EXISTING_RANK1_MEMBER
0.975,G0,90.0,0.955,0.9655555555555556,900,M3Q_R01,0.010555555555555651,0.010555555555555651,NOT_COST_MATCHED_EXISTING_RANK1_MEMBER
0.975,G0,95.0,0.955,0.9644444444444444,900,M3Q_R01,0.009444444444444478,0.009444444444444478,NOT_COST_MATCHED_EXISTING_RANK1_MEMBER
0.975,G0,100.0,0.955,0.97,900,M3Q_R01,0.015000000000000013,0.015000000000000013,NOT_COST_MATCHED_EXISTING_RANK1_MEMBER
0.975,G0,105.0,0.96,0.9777777777777776,900,M3Q_R01,0.01777777777777767,0.01777777777777767,NOT_COST_MATCHED_EXISTING_RANK1_MEMBER
0.975,G0,110.0,0.96,0.9777777777777776,900,M3Q_R01,0.01777777777777767,0.01777777777777767,NOT_COST_MATCHED_EXISTING_RANK1_MEMBER
0.975,G0,115.0,0.965,0.9811111111111112,900,M3Q_R01,0.016111111111111187,0.016111111111111187,NOT_COST_MATCHED_EXISTING_RANK1_MEMBER
0.975,G0,120.0,0.965,0.9788888888888888,900,M3Q_R01,0.01388888888888884,0.01388888888888884,NOT_COST_MATCHED_EXISTING_RANK1_MEMBER
0.975,G0,125.0,0.96,0.9811111111111112,900,M3Q_R01,0.02111111111111119,0.02111111111111119,NOT_COST_MATCHED_EXISTING_RANK1_MEMBER
0.975,G0,130.0,0.95,0.9833333333333332,900,M3Q_R01,0.033333333333333215,0.033333333333333215,NOT_COST_MATCHED_EXISTING_RANK1_MEMBER
0.975,G0,135.0,0.95,0.9833333333333332,900,M3Q_R01,0.033333333333333215,0.033333333333333215,NOT_COST_MATCHED_EXISTING_RANK1_MEMBER
0.975,G0,140.0,0.945,0.9844444444444445,900,M3Q_R01,0.039444444444444504,0.039444444444444504,NOT_COST_MATCHED_EXISTING_RANK1_MEMBER
0.975,G0,145.0,0.955,0.9822222222222222,900,M3Q_R01,0.02722222222222226,0.02722222222222226,NOT_COST_MATCHED_EXISTING_RANK1_MEMBER
0.975,G0,150.0,0.95,0.9822222222222222,900,M3Q_R01,0.03222222222222226,0.03222222222222226,NOT_COST_MATCHED_EXISTING_RANK1_MEMBER
0.975,G0,155.0,0.965,0.9877777777777778,900,M3Q_R01,0.022777777777777786,0.022777777777777786,NOT_COST_MATCHED_EXISTING_RANK1_MEMBER
0.975,G0,160.0,0.965,0.9877777777777778,900,M3Q_R01,0.022777777777777786,0.022777777777777786,NOT_COST_MATCHED_EXISTING_RANK1_MEMBER
0.975,G0,165.0,0.965,0.9877777777777778,900,M3Q_R01,0.022777777777777786,0.022777777777777786,NOT_COST_MATCHED_EXISTING_RANK1_MEMBER
0.975,G0,170.0,0.965,0.99,900,M3Q_R01,0.025000000000000022,0.025000000000000022,NOT_COST_MATCHED_EXISTING_RANK1_MEMBER
0.975,G0,175.0,0.965,0.99,900,M3Q_R01,0.025000000000000022,0.025000000000000022,NOT_COST_MATCHED_EXISTING_RANK1_MEMBER
0.975,G0,180.0,0.965,0.9888888888888888,900,M3Q_R01,0.02388888888888885,0.02388888888888885,NOT_COST_MATCHED_EXISTING_RANK1_MEMBER
0.975,G0,185.0,0.97,0.99,900,M3Q_R01,0.020000000000000018,0.020000000000000018,NOT_COST_MATCHED_EXISTING_RANK1_MEMBER
0.975,G0,190.0,0.97,0.9888888888888888,900,M3Q_R01,0.018888888888888844,0.018888888888888844,NOT_COST_MATCHED_EXISTING_RANK1_MEMBER
0.975,G0,195.0,0.97,0.9888888888888888,900,M3Q_R01,0.018888888888888844,0.018888888888888844,NOT_COST_MATCHED_EXISTING_RANK1_MEMBER
0.975,G0,200.0,0.965,0.9888888888888888,900,M3Q_R01,0.02388888888888885,0.02388888888888885,NOT_COST_MATCHED_EXISTING_RANK1_MEMBER
0.975,G0,205.0,0.97,0.9888888888888888,900,M3Q_R01,0.018888888888888844,0.018888888888888844,NOT_COST_MATCHED_EXISTING_RANK1_MEMBER
0.975,G0,210.0,0.975,0.9922222222222222,900,M3Q_R01,0.01722222222222225,0.01722222222222225,NOT_COST_MATCHED_EXISTING_RANK1_MEMBER
0.975,G0,215.0,0.975,0.9922222222222222,900,M3Q_R01,0.01722222222222225,0.01722222222222225,NOT_COST_MATCHED_EXISTING_RANK1_MEMBER
0.975,G0,220.0,0.98,0.9955555555555556,900,M3Q_R01,0.015555555555555656,0.015555555555555656,NOT_COST_MATCHED_EXISTING_RANK1_MEMBER
0.975,G0,225.0,0.98,0.9944444444444444,900,M3Q_R01,0.014444444444444371,0.014444444444444371,NOT_COST_MATCHED_EXISTING_RANK1_MEMBER
0.975,G0,230.0,0.975,0.9944444444444444,900,M3Q_R01,0.019444444444444375,0.019444444444444375,NOT_COST_MATCHED_EXISTING_RANK1_MEMBER
0.975,G0,235.0,0.975,0.9933333333333332,900,M3Q_R01,0.0183333333333332,0.0183333333333332,NOT_COST_MATCHED_EXISTING_RANK1_MEMBER
0.975,G0,240.0,0.975,0.9933333333333332,900,M3Q_R01,0.0183333333333332,0.0183333333333332,NOT_COST_MATCHED_EXISTING_RANK1_MEMBER
0.975,G1,60.0,0.83,0.8777777777777778,900,M3Q_R01,0.04777777777777781,0.04777777777777781,NOT_COST_MATCHED_EXISTING_RANK1_MEMBER
0.975,G1,65.0,0.835,0.8766666666666667,900,M3Q_R01,0.04166666666666674,0.04166666666666674,NOT_COST_MATCHED_EXISTING_RANK1_MEMBER
0.975,G1,70.0,0.83,0.8677777777777778,900,M3Q_R01,0.0377777777777778,0.0377777777777778,NOT_COST_MATCHED_EXISTING_RANK1_MEMBER
0.975,G1,75.0,0.86,0.87,900,M3Q_R01,0.010000000000000009,0.010000000000000009,NOT_COST_MATCHED_EXISTING_RANK1_MEMBER
0.975,G1,80.0,0.845,0.86,900,M3Q_R01,0.015000000000000013,0.015000000000000013,NOT_COST_MATCHED_EXISTING_RANK1_MEMBER
0.975,G1,85.0,0.86,0.8677777777777778,900,M3Q_R01,0.007777777777777772,0.007777777777777772,NOT_COST_MATCHED_EXISTING_RANK1_MEMBER
0.975,G1,90.0,0.86,0.8688888888888889,900,M3Q_R01,0.008888888888888946,0.008888888888888946,NOT_COST_MATCHED_EXISTING_RANK1_MEMBER
0.975,G1,95.0,0.845,0.8666666666666667,900,M3Q_R01,0.021666666666666723,0.021666666666666723,NOT_COST_MATCHED_EXISTING_RANK1_MEMBER
0.975,G1,100.0,0.85,0.8766666666666667,900,M3Q_R01,0.026666666666666727,0.026666666666666727,NOT_COST_MATCHED_EXISTING_RANK1_MEMBER
0.975,G1,105.0,0.86,0.8855555555555555,900,M3Q_R01,0.025555555555555554,0.025555555555555554,NOT_COST_MATCHED_EXISTING_RANK1_MEMBER
0.975,G1,110.0,0.85,0.88,900,M3Q_R01,0.030000000000000027,0.030000000000000027,NOT_COST_MATCHED_EXISTING_RANK1_MEMBER
0.975,G1,115.0,0.86,0.8811111111111111,900,M3Q_R01,0.02111111111111108,0.02111111111111108,NOT_COST_MATCHED_EXISTING_RANK1_MEMBER
0.975,G1,120.0,0.855,0.8766666666666667,900,M3Q_R01,0.021666666666666723,0.021666666666666723,NOT_COST_MATCHED_EXISTING_RANK1_MEMBER
0.975,G1,125.0,0.87,0.88,900,M3Q_R01,0.010000000000000009,0.010000000000000009,NOT_COST_MATCHED_EXISTING_RANK1_MEMBER
0.975,G1,130.0,0.86,0.8811111111111111,900,M3Q_R01,0.02111111111111108,0.02111111111111108,NOT_COST_MATCHED_EXISTING_RANK1_MEMBER
0.975,G1,135.0,0.855,0.8766666666666667,900,M3Q_R01,0.021666666666666723,0.021666666666666723,NOT_COST_MATCHED_EXISTING_RANK1_MEMBER
0.975,G1,140.0,0.855,0.8744444444444445,900,M3Q_R01,0.019444444444444486,0.019444444444444486,NOT_COST_MATCHED_EXISTING_RANK1_MEMBER
0.975,G1,145.0,0.85,0.8777777777777778,900,M3Q_R01,0.02777777777777779,0.02777777777777779,NOT_COST_MATCHED_EXISTING_RANK1_MEMBER
0.975,G1,150.0,0.84,0.8722222222222222,900,M3Q_R01,0.03222222222222226,0.03222222222222226,NOT_COST_MATCHED_EXISTING_RANK1_MEMBER
0.975,G1,155.0,0.855,0.8877777777777778,900,M3Q_R01,0.032777777777777795,0.032777777777777795,NOT_COST_MATCHED_EXISTING_RANK1_MEMBER
0.975,G1,160.0,0.85,0.8833333333333333,900,M3Q_R01,0.033333333333333326,0.033333333333333326,NOT_COST_MATCHED_EXISTING_RANK1_MEMBER
0.975,G1,165.0,0.855,0.88,900,M3Q_R01,0.025000000000000022,0.025000000000000022,NOT_COST_MATCHED_EXISTING_RANK1_MEMBER
0.975,G1,170.0,0.855,0.8866666666666667,900,M3Q_R01,0.03166666666666673,0.03166666666666673,NOT_COST_MATCHED_EXISTING_RANK1_MEMBER
0.975,G1,175.0,0.85,0.8766666666666667,900,M3Q_R01,0.026666666666666727,0.026666666666666727,NOT_COST_MATCHED_EXISTING_RANK1_MEMBER
0.975,G1,180.0,0.85,0.8822222222222222,900,M3Q_R01,0.03222222222222226,0.03222222222222226,NOT_COST_MATCHED_EXISTING_RANK1_MEMBER
0.975,G1,185.0,0.85,0.8855555555555555,900,M3Q_R01,0.03555555555555556,0.03555555555555556,NOT_COST_MATCHED_EXISTING_RANK1_MEMBER
0.975,G1,190.0,0.845,0.88,900,M3Q_R01,0.03500000000000003,0.03500000000000003,NOT_COST_MATCHED_EXISTING_RANK1_MEMBER
0.975,G1,195.0,0.855,0.8911111111111111,900,M3Q_R01,0.036111111111111094,0.036111111111111094,NOT_COST_MATCHED_EXISTING_RANK1_MEMBER
0.975,G1,200.0,0.85,0.8877777777777778,900,M3Q_R01,0.0377777777777778,0.0377777777777778,NOT_COST_MATCHED_EXISTING_RANK1_MEMBER
0.975,G1,205.0,0.855,0.8911111111111111,900,M3Q_R01,0.036111111111111094,0.036111111111111094,NOT_COST_MATCHED_EXISTING_RANK1_MEMBER
0.975,G1,210.0,0.84,0.9,900,M3Q_R01,0.06000000000000005,0.06000000000000005,NOT_COST_MATCHED_EXISTING_RANK1_MEMBER
0.975,G1,215.0,0.835,0.8977777777777778,900,M3Q_R01,0.06277777777777782,0.06277777777777782,NOT_COST_MATCHED_EXISTING_RANK1_MEMBER
0.975,G1,220.0,0.84,0.9011111111111112,900,M3Q_R01,0.06111111111111123,0.06111111111111123,NOT_COST_MATCHED_EXISTING_RANK1_MEMBER
0.975,G1,225.0,0.83,0.91,900,M3Q_R01,0.08000000000000007,0.08000000000000007,NOT_COST_MATCHED_EXISTING_RANK1_MEMBER
0.975,G1,230.0,0.83,0.9022222222222224,900,M3Q_R01,0.07222222222222241,0.07222222222222241,NOT_COST_MATCHED_EXISTING_RANK1_MEMBER
0.975,G1,235.0,0.855,0.91,900,M3Q_R01,0.05500000000000005,0.05500000000000005,NOT_COST_MATCHED_EXISTING_RANK1_MEMBER
0.975,G1,240.0,0.85,0.9066666666666666,900,M3Q_R01,0.05666666666666664,0.05666666666666664,NOT_COST_MATCHED_EXISTING_RANK1_MEMBER
0.975,G2,60.0,0.68,0.7266666666666667,900,M3Q_R01,0.046666666666666634,0.046666666666666634,NOT_COST_MATCHED_EXISTING_RANK1_MEMBER
0.975,G2,65.0,0.695,0.7511111111111111,900,M3Q_R01,0.05611111111111111,0.05611111111111111,NOT_COST_MATCHED_EXISTING_RANK1_MEMBER
0.975,G2,70.0,0.68,0.7311111111111112,900,M3Q_R01,0.05111111111111111,0.05111111111111111,NOT_COST_MATCHED_EXISTING_RANK1_MEMBER
0.975,G2,75.0,0.695,0.7288888888888889,900,M3Q_R01,0.03388888888888897,0.03388888888888897,NOT_COST_MATCHED_EXISTING_RANK1_MEMBER
0.975,G2,80.0,0.675,0.6977777777777778,900,M3Q_R01,0.022777777777777786,0.022777777777777786,NOT_COST_MATCHED_EXISTING_RANK1_MEMBER
0.975,G2,85.0,0.67,0.6955555555555556,900,M3Q_R01,0.025555555555555554,0.025555555555555554,NOT_COST_MATCHED_EXISTING_RANK1_MEMBER
0.975,G2,90.0,0.685,0.6988888888888889,900,M3Q_R01,0.01388888888888884,0.01388888888888884,NOT_COST_MATCHED_EXISTING_RANK1_MEMBER
0.975,G2,95.0,0.66,0.6711111111111111,900,M3Q_R01,0.011111111111111072,0.011111111111111072,NOT_COST_MATCHED_EXISTING_RANK1_MEMBER
0.975,G2,100.0,0.675,0.6777777777777778,900,M3Q_R01,0.002777777777777768,0.002777777777777768,NOT_COST_MATCHED_EXISTING_RANK1_MEMBER
0.975,G2,105.0,0.675,0.6777777777777778,900,M3Q_R01,0.002777777777777768,0.002777777777777768,NOT_COST_MATCHED_EXISTING_RANK1_MEMBER
0.975,G2,110.0,0.665,0.6655555555555556,900,M3Q_R01,0.0005555555555555314,0.0005555555555555314,NOT_COST_MATCHED_EXISTING_RANK1_MEMBER
0.975,G2,115.0,0.675,0.6766666666666666,900,M3Q_R01,0.0016666666666665941,0.0016666666666665941,NOT_COST_MATCHED_EXISTING_RANK1_MEMBER
0.975,G2,120.0,0.64,0.6566666666666666,900,M3Q_R01,0.016666666666666607,0.016666666666666607,NOT_COST_MATCHED_EXISTING_RANK1_MEMBER
0.975,G2,125.0,0.65,0.6611111111111111,900,M3Q_R01,0.011111111111111072,0.011111111111111072,NOT_COST_MATCHED_EXISTING_RANK1_MEMBER
0.975,G2,130.0,0.655,0.6844444444444444,900,M3Q_R01,0.029444444444444384,0.029444444444444384,NOT_COST_MATCHED_EXISTING_RANK1_MEMBER
0.975,G2,135.0,0.64,0.6622222222222223,900,M3Q_R01,0.022222222222222254,0.022222222222222254,NOT_COST_MATCHED_EXISTING_RANK1_MEMBER
0.975,G2,140.0,0.65,0.6688888888888889,900,M3Q_R01,0.018888888888888844,0.018888888888888844,NOT_COST_MATCHED_EXISTING_RANK1_MEMBER
0.975,G2,145.0,0.65,0.6811111111111111,900,M3Q_R01,0.03111111111111109,0.03111111111111109,NOT_COST_MATCHED_EXISTING_RANK1_MEMBER
0.975,G2,150.0,0.62,0.6666666666666666,900,M3Q_R01,0.046666666666666634,0.046666666666666634,NOT_COST_MATCHED_EXISTING_RANK1_MEMBER
0.975,G2,155.0,0.64,0.67,900,M3Q_R01,0.030000000000000027,0.030000000000000027,NOT_COST_MATCHED_EXISTING_RANK1_MEMBER
0.975,G2,160.0,0.615,0.6511111111111111,900,M3Q_R01,0.036111111111111094,0.036111111111111094,NOT_COST_MATCHED_EXISTING_RANK1_MEMBER
0.975,G2,165.0,0.625,0.6644444444444444,900,M3Q_R01,0.03944444444444439,0.03944444444444439,NOT_COST_MATCHED_EXISTING_RANK1_MEMBER
0.975,G2,170.0,0.625,0.6622222222222223,900,M3Q_R01,0.03722222222222227,0.03722222222222227,NOT_COST_MATCHED_EXISTING_RANK1_MEMBER
0.975,G2,175.0,0.62,0.6488888888888888,900,M3Q_R01,0.028888888888888853,0.028888888888888853,NOT_COST_MATCHED_EXISTING_RANK1_MEMBER
0.975,G2,180.0,0.63,0.6588888888888889,900,M3Q_R01,0.028888888888888853,0.028888888888888853,NOT_COST_MATCHED_EXISTING_RANK1_MEMBER
0.975,G2,185.0,0.635,0.67,900,M3Q_R01,0.03500000000000003,0.03500000000000003,NOT_COST_MATCHED_EXISTING_RANK1_MEMBER
0.975,G2,190.0,0.63,0.65,900,M3Q_R01,0.020000000000000018,0.020000000000000018,NOT_COST_MATCHED_EXISTING_RANK1_MEMBER
0.975,G2,195.0,0.625,0.6644444444444444,900,M3Q_R01,0.03944444444444439,0.03944444444444439,NOT_COST_MATCHED_EXISTING_RANK1_MEMBER
0.975,G2,200.0,0.605,0.6511111111111111,900,M3Q_R01,0.0461111111111111,0.0461111111111111,NOT_COST_MATCHED_EXISTING_RANK1_MEMBER
0.975,G2,205.0,0.61,0.67,900,M3Q_R01,0.06000000000000005,0.06000000000000005,NOT_COST_MATCHED_EXISTING_RANK1_MEMBER
0.975,G2,210.0,0.62,0.6811111111111111,900,M3Q_R01,0.061111111111111116,0.061111111111111116,NOT_COST_MATCHED_EXISTING_RANK1_MEMBER
0.975,G2,215.0,0.605,0.6633333333333333,900,M3Q_R01,0.05833333333333335,0.05833333333333335,NOT_COST_MATCHED_EXISTING_RANK1_MEMBER
0.975,G2,220.0,0.62,0.6622222222222223,900,M3Q_R01,0.04222222222222227,0.04222222222222227,NOT_COST_MATCHED_EXISTING_RANK1_MEMBER
0.975,G2,225.0,0.61,0.6644444444444444,900,M3Q_R01,0.054444444444444406,0.054444444444444406,NOT_COST_MATCHED_EXISTING_RANK1_MEMBER
0.975,G2,230.0,0.595,0.6533333333333333,900,M3Q_R01,0.05833333333333335,0.05833333333333335,NOT_COST_MATCHED_EXISTING_RANK1_MEMBER
0.975,G2,235.0,0.62,0.6611111111111111,900,M3Q_R01,0.0411111111111111,0.0411111111111111,NOT_COST_MATCHED_EXISTING_RANK1_MEMBER
0.975,G2,240.0,0.605,0.6522222222222223,900,M3Q_R01,0.047222222222222276,0.047222222222222276,NOT_COST_MATCHED_EXISTING_RANK1_MEMBER
0.9833333333333332,G0,60.0,0.945,0.9633333333333334,900,M3Q_R01,0.018333333333333424,0.018333333333333424,NOT_COST_MATCHED_EXISTING_RANK1_MEMBER
0.9833333333333332,G0,65.0,0.95,0.9655555555555556,900,M3Q_R01,0.015555555555555656,0.015555555555555656,NOT_COST_MATCHED_EXISTING_RANK1_MEMBER
0.9833333333333332,G0,70.0,0.95,0.9633333333333334,900,M3Q_R01,0.01333333333333342,0.01333333333333342,NOT_COST_MATCHED_EXISTING_RANK1_MEMBER
0.9833333333333332,G0,75.0,0.95,0.9655555555555556,900,M3Q_R01,0.015555555555555656,0.015555555555555656,NOT_COST_MATCHED_EXISTING_RANK1_MEMBER
0.9833333333333332,G0,80.0,0.95,0.9622222222222222,900,M3Q_R01,0.012222222222222245,0.012222222222222245,NOT_COST_MATCHED_EXISTING_RANK1_MEMBER
0.9833333333333332,G0,85.0,0.955,0.9688888888888888,900,M3Q_R01,0.01388888888888884,0.01388888888888884,NOT_COST_MATCHED_EXISTING_RANK1_MEMBER
0.9833333333333332,G0,90.0,0.95,0.9666666666666668,900,M3Q_R01,0.01666666666666683,0.01666666666666683,NOT_COST_MATCHED_EXISTING_RANK1_MEMBER
0.9833333333333332,G0,95.0,0.95,0.9644444444444444,900,M3Q_R01,0.014444444444444482,0.014444444444444482,NOT_COST_MATCHED_EXISTING_RANK1_MEMBER
0.9833333333333332,G0,100.0,0.955,0.9688888888888888,900,M3Q_R01,0.01388888888888884,0.01388888888888884,NOT_COST_MATCHED_EXISTING_RANK1_MEMBER
0.9833333333333332,G0,105.0,0.955,0.9688888888888888,900,M3Q_R01,0.01388888888888884,0.01388888888888884,NOT_COST_MATCHED_EXISTING_RANK1_MEMBER
0.9833333333333332,G0,110.0,0.965,0.9755555555555556,900,M3Q_R01,0.010555555555555651,0.010555555555555651,NOT_COST_MATCHED_EXISTING_RANK1_MEMBER
0.9833333333333332,G0,115.0,0.965,0.9722222222222222,900,M3Q_R01,0.007222222222222241,0.007222222222222241,NOT_COST_MATCHED_EXISTING_RANK1_MEMBER
0.9833333333333332,G0,120.0,0.965,0.9711111111111111,900,M3Q_R01,0.006111111111111178,0.006111111111111178,NOT_COST_MATCHED_EXISTING_RANK1_MEMBER
0.9833333333333332,G0,125.0,0.96,0.9755555555555556,900,M3Q_R01,0.015555555555555656,0.015555555555555656,NOT_COST_MATCHED_EXISTING_RANK1_MEMBER
0.9833333333333332,G0,130.0,0.955,0.9744444444444444,900,M3Q_R01,0.019444444444444486,0.019444444444444486,NOT_COST_MATCHED_EXISTING_RANK1_MEMBER
0.9833333333333332,G0,135.0,0.96,0.9788888888888888,900,M3Q_R01,0.018888888888888844,0.018888888888888844,NOT_COST_MATCHED_EXISTING_RANK1_MEMBER
0.9833333333333332,G0,140.0,0.96,0.9788888888888888,900,M3Q_R01,0.018888888888888844,0.018888888888888844,NOT_COST_MATCHED_EXISTING_RANK1_MEMBER
0.9833333333333332,G0,145.0,0.965,0.9811111111111112,900,M3Q_R01,0.016111111111111187,0.016111111111111187,NOT_COST_MATCHED_EXISTING_RANK1_MEMBER
0.9833333333333332,G0,150.0,0.96,0.98,900,M3Q_R01,0.020000000000000018,0.020000000000000018,NOT_COST_MATCHED_EXISTING_RANK1_MEMBER
0.9833333333333332,G0,155.0,0.96,0.9788888888888888,900,M3Q_R01,0.018888888888888844,0.018888888888888844,NOT_COST_MATCHED_EXISTING_RANK1_MEMBER
0.9833333333333332,G0,160.0,0.965,0.9833333333333332,900,M3Q_R01,0.0183333333333332,0.0183333333333332,NOT_COST_MATCHED_EXISTING_RANK1_MEMBER
0.9833333333333332,G0,165.0,0.965,0.9811111111111112,900,M3Q_R01,0.016111111111111187,0.016111111111111187,NOT_COST_MATCHED_EXISTING_RANK1_MEMBER
0.9833333333333332,G0,170.0,0.965,0.9844444444444445,900,M3Q_R01,0.019444444444444486,0.019444444444444486,NOT_COST_MATCHED_EXISTING_RANK1_MEMBER
0.9833333333333332,G0,175.0,0.965,0.9844444444444445,900,M3Q_R01,0.019444444444444486,0.019444444444444486,NOT_COST_MATCHED_EXISTING_RANK1_MEMBER
0.9833333333333332,G0,180.0,0.965,0.9833333333333332,900,M3Q_R01,0.0183333333333332,0.0183333333333332,NOT_COST_MATCHED_EXISTING_RANK1_MEMBER
0.9833333333333332,G0,185.0,0.965,0.9844444444444445,900,M3Q_R01,0.019444444444444486,0.019444444444444486,NOT_COST_MATCHED_EXISTING_RANK1_MEMBER
0.9833333333333332,G0,190.0,0.965,0.9833333333333332,900,M3Q_R01,0.0183333333333332,0.0183333333333332,NOT_COST_MATCHED_EXISTING_RANK1_MEMBER
0.9833333333333332,G0,195.0,0.965,0.9844444444444445,900,M3Q_R01,0.019444444444444486,0.019444444444444486,NOT_COST_MATCHED_EXISTING_RANK1_MEMBER
0.9833333333333332,G0,200.0,0.96,0.9844444444444445,900,M3Q_R01,0.02444444444444449,0.02444444444444449,NOT_COST_MATCHED_EXISTING_RANK1_MEMBER
0.9833333333333332,G0,205.0,0.96,0.9855555555555556,900,M3Q_R01,0.025555555555555665,0.025555555555555665,NOT_COST_MATCHED_EXISTING_RANK1_MEMBER
0.9833333333333332,G0,210.0,0.96,0.9855555555555556,900,M3Q_R01,0.025555555555555665,0.025555555555555665,NOT_COST_MATCHED_EXISTING_RANK1_MEMBER
0.9833333333333332,G0,215.0,0.96,0.9855555555555556,900,M3Q_R01,0.025555555555555665,0.025555555555555665,NOT_COST_MATCHED_EXISTING_RANK1_MEMBER
0.9833333333333332,G0,220.0,0.96,0.9855555555555556,900,M3Q_R01,0.025555555555555665,0.025555555555555665,NOT_COST_MATCHED_EXISTING_RANK1_MEMBER
0.9833333333333332,G0,225.0,0.96,0.9855555555555556,900,M3Q_R01,0.025555555555555665,0.025555555555555665,NOT_COST_MATCHED_EXISTING_RANK1_MEMBER
0.9833333333333332,G0,230.0,0.955,0.9855555555555556,900,M3Q_R01,0.03055555555555567,0.03055555555555567,NOT_COST_MATCHED_EXISTING_RANK1_MEMBER
0.9833333333333332,G0,235.0,0.95,0.9855555555555556,900,M3Q_R01,0.035555555555555673,0.035555555555555673,NOT_COST_MATCHED_EXISTING_RANK1_MEMBER
0.9833333333333332,G0,240.0,0.95,0.9855555555555556,900,M3Q_R01,0.035555555555555673,0.035555555555555673,NOT_COST_MATCHED_EXISTING_RANK1_MEMBER
0.9833333333333332,G1,60.0,0.845,0.8677777777777778,900,M3Q_R01,0.022777777777777786,0.022777777777777786,NOT_COST_MATCHED_EXISTING_RANK1_MEMBER
0.9833333333333332,G1,65.0,0.865,0.8766666666666667,900,M3Q_R01,0.011666666666666714,0.011666666666666714,NOT_COST_MATCHED_EXISTING_RANK1_MEMBER
0.9833333333333332,G1,70.0,0.86,0.8677777777777778,900,M3Q_R01,0.007777777777777772,0.007777777777777772,NOT_COST_MATCHED_EXISTING_RANK1_MEMBER
0.9833333333333332,G1,75.0,0.88,0.8755555555555555,900,M3Q_R01,-0.004444444444444473,0.004444444444444473,NOT_COST_MATCHED_EXISTING_RANK1_MEMBER
0.9833333333333332,G1,80.0,0.87,0.8655555555555555,900,M3Q_R01,-0.004444444444444473,0.004444444444444473,NOT_COST_MATCHED_EXISTING_RANK1_MEMBER
0.9833333333333332,G1,85.0,0.875,0.8788888888888889,900,M3Q_R01,0.0038888888888889417,0.0038888888888889417,NOT_COST_MATCHED_EXISTING_RANK1_MEMBER
0.9833333333333332,G1,90.0,0.865,0.8688888888888889,900,M3Q_R01,0.0038888888888889417,0.0038888888888889417,NOT_COST_MATCHED_EXISTING_RANK1_MEMBER
0.9833333333333332,G1,95.0,0.85,0.8611111111111112,900,M3Q_R01,0.011111111111111183,0.011111111111111183,NOT_COST_MATCHED_EXISTING_RANK1_MEMBER
0.9833333333333332,G1,100.0,0.855,0.8644444444444445,900,M3Q_R01,0.009444444444444478,0.009444444444444478,NOT_COST_MATCHED_EXISTING_RANK1_MEMBER
0.9833333333333332,G1,105.0,0.855,0.8577777777777778,900,M3Q_R01,0.002777777777777768,0.002777777777777768,NOT_COST_MATCHED_EXISTING_RANK1_MEMBER
0.9833333333333332,G1,110.0,0.855,0.8744444444444445,900,M3Q_R01,0.019444444444444486,0.019444444444444486,NOT_COST_MATCHED_EXISTING_RANK1_MEMBER
0.9833333333333332,G1,115.0,0.855,0.8655555555555555,900,M3Q_R01,0.01055555555555554,0.01055555555555554,NOT_COST_MATCHED_EXISTING_RANK1_MEMBER
0.9833333333333332,G1,120.0,0.85,0.8588888888888889,900,M3Q_R01,0.008888888888888946,0.008888888888888946,NOT_COST_MATCHED_EXISTING_RANK1_MEMBER
0.9833333333333332,G1,125.0,0.86,0.8622222222222222,900,M3Q_R01,0.0022222222222222365,0.0022222222222222365,NOT_COST_MATCHED_EXISTING_RANK1_MEMBER
0.9833333333333332,G1,130.0,0.845,0.8555555555555555,900,M3Q_R01,0.01055555555555554,0.01055555555555554,NOT_COST_MATCHED_EXISTING_RANK1_MEMBER
0.9833333333333332,G1,135.0,0.865,0.8655555555555555,900,M3Q_R01,0.0005555555555555314,0.0005555555555555314,NOT_COST_MATCHED_EXISTING_RANK1_MEMBER
0.9833333333333332,G1,140.0,0.855,0.8566666666666667,900,M3Q_R01,0.0016666666666667052,0.0016666666666667052,NOT_COST_MATCHED_EXISTING_RANK1_MEMBER
0.9833333333333332,G1,145.0,0.84,0.8633333333333333,900,M3Q_R01,0.023333333333333317,0.023333333333333317,NOT_COST_MATCHED_EXISTING_RANK1_MEMBER
0.9833333333333332,G1,150.0,0.83,0.8555555555555555,900,M3Q_R01,0.025555555555555554,0.025555555555555554,NOT_COST_MATCHED_EXISTING_RANK1_MEMBER
0.9833333333333332,G1,155.0,0.83,0.8477777777777777,900,M3Q_R01,0.01777777777777778,0.01777777777777778,NOT_COST_MATCHED_EXISTING_RANK1_MEMBER
0.9833333333333332,G1,160.0,0.83,0.8666666666666667,900,M3Q_R01,0.036666666666666736,0.036666666666666736,NOT_COST_MATCHED_EXISTING_RANK1_MEMBER
0.9833333333333332,G1,165.0,0.83,0.8588888888888889,900,M3Q_R01,0.028888888888888964,0.028888888888888964,NOT_COST_MATCHED_EXISTING_RANK1_MEMBER
0.9833333333333332,G1,170.0,0.85,0.8622222222222222,900,M3Q_R01,0.012222222222222245,0.012222222222222245,NOT_COST_MATCHED_EXISTING_RANK1_MEMBER
0.9833333333333332,G1,175.0,0.84,0.8544444444444445,900,M3Q_R01,0.014444444444444482,0.014444444444444482,NOT_COST_MATCHED_EXISTING_RANK1_MEMBER
0.9833333333333332,G1,180.0,0.83,0.8511111111111112,900,M3Q_R01,0.02111111111111119,0.02111111111111119,NOT_COST_MATCHED_EXISTING_RANK1_MEMBER
0.9833333333333332,G1,185.0,0.84,0.8555555555555555,900,M3Q_R01,0.015555555555555545,0.015555555555555545,NOT_COST_MATCHED_EXISTING_RANK1_MEMBER
0.9833333333333332,G1,190.0,0.835,0.8522222222222222,900,M3Q_R01,0.01722222222222225,0.01722222222222225,NOT_COST_MATCHED_EXISTING_RANK1_MEMBER
0.9833333333333332,G1,195.0,0.835,0.8611111111111112,900,M3Q_R01,0.026111111111111196,0.026111111111111196,NOT_COST_MATCHED_EXISTING_RANK1_MEMBER
0.9833333333333332,G1,200.0,0.82,0.8588888888888889,900,M3Q_R01,0.03888888888888897,0.03888888888888897,NOT_COST_MATCHED_EXISTING_RANK1_MEMBER
0.9833333333333332,G1,205.0,0.82,0.8722222222222222,900,M3Q_R01,0.05222222222222228,0.05222222222222228,NOT_COST_MATCHED_EXISTING_RANK1_MEMBER
0.9833333333333332,G1,210.0,0.82,0.8688888888888889,900,M3Q_R01,0.04888888888888898,0.04888888888888898,NOT_COST_MATCHED_EXISTING_RANK1_MEMBER
0.9833333333333332,G1,215.0,0.82,0.8644444444444445,900,M3Q_R01,0.04444444444444451,0.04444444444444451,NOT_COST_MATCHED_EXISTING_RANK1_MEMBER
0.9833333333333332,G1,220.0,0.835,0.8666666666666667,900,M3Q_R01,0.03166666666666673,0.03166666666666673,NOT_COST_MATCHED_EXISTING_RANK1_MEMBER
0.9833333333333332,G1,225.0,0.83,0.8644444444444445,900,M3Q_R01,0.0344444444444445,0.0344444444444445,NOT_COST_MATCHED_EXISTING_RANK1_MEMBER
0.9833333333333332,G1,230.0,0.835,0.8722222222222222,900,M3Q_R01,0.03722222222222227,0.03722222222222227,NOT_COST_MATCHED_EXISTING_RANK1_MEMBER
0.9833333333333332,G1,235.0,0.83,0.8677777777777778,900,M3Q_R01,0.0377777777777778,0.0377777777777778,NOT_COST_MATCHED_EXISTING_RANK1_MEMBER
0.9833333333333332,G1,240.0,0.83,0.8633333333333333,900,M3Q_R01,0.033333333333333326,0.033333333333333326,NOT_COST_MATCHED_EXISTING_RANK1_MEMBER
0.9833333333333332,G2,60.0,0.655,0.7211111111111111,900,M3Q_R01,0.06611111111111112,0.06611111111111112,NOT_COST_MATCHED_EXISTING_RANK1_MEMBER
0.9833333333333332,G2,65.0,0.685,0.7422222222222222,900,M3Q_R01,0.057222222222222174,0.057222222222222174,NOT_COST_MATCHED_EXISTING_RANK1_MEMBER
0.9833333333333332,G2,70.0,0.665,0.7155555555555555,900,M3Q_R01,0.050555555555555465,0.050555555555555465,NOT_COST_MATCHED_EXISTING_RANK1_MEMBER
0.9833333333333332,G2,75.0,0.715,0.7377777777777778,900,M3Q_R01,0.022777777777777786,0.022777777777777786,NOT_COST_MATCHED_EXISTING_RANK1_MEMBER
0.9833333333333332,G2,80.0,0.7,0.7111111111111111,900,M3Q_R01,0.011111111111111183,0.011111111111111183,NOT_COST_MATCHED_EXISTING_RANK1_MEMBER
0.9833333333333332,G2,85.0,0.7,0.7144444444444444,900,M3Q_R01,0.014444444444444482,0.014444444444444482,NOT_COST_MATCHED_EXISTING_RANK1_MEMBER
0.9833333333333332,G2,90.0,0.68,0.6922222222222222,900,M3Q_R01,0.012222222222222134,0.012222222222222134,NOT_COST_MATCHED_EXISTING_RANK1_MEMBER
0.9833333333333332,G2,95.0,0.655,0.6666666666666666,900,M3Q_R01,0.011666666666666603,0.011666666666666603,NOT_COST_MATCHED_EXISTING_RANK1_MEMBER
0.9833333333333332,G2,100.0,0.675,0.6866666666666666,900,M3Q_R01,0.011666666666666603,0.011666666666666603,NOT_COST_MATCHED_EXISTING_RANK1_MEMBER
0.9833333333333332,G2,105.0,0.65,0.6611111111111111,900,M3Q_R01,0.011111111111111072,0.011111111111111072,NOT_COST_MATCHED_EXISTING_RANK1_MEMBER
0.9833333333333332,G2,110.0,0.685,0.6811111111111111,900,M3Q_R01,-0.0038888888888889417,0.0038888888888889417,NOT_COST_MATCHED_EXISTING_RANK1_MEMBER
0.9833333333333332,G2,115.0,0.675,0.6688888888888889,900,M3Q_R01,-0.006111111111111178,0.006111111111111178,NOT_COST_MATCHED_EXISTING_RANK1_MEMBER
0.9833333333333332,G2,120.0,0.655,0.6488888888888888,900,M3Q_R01,-0.006111111111111178,0.006111111111111178,NOT_COST_MATCHED_EXISTING_RANK1_MEMBER
0.9833333333333332,G2,125.0,0.69,0.6611111111111111,900,M3Q_R01,-0.028888888888888853,0.028888888888888853,NOT_COST_MATCHED_EXISTING_RANK1_MEMBER
0.9833333333333332,G2,130.0,0.68,0.6466666666666666,900,M3Q_R01,-0.03333333333333344,0.03333333333333344,NOT_COST_MATCHED_EXISTING_RANK1_MEMBER
0.9833333333333332,G2,135.0,0.665,0.6633333333333333,900,M3Q_R01,-0.0016666666666667052,0.0016666666666667052,NOT_COST_MATCHED_EXISTING_RANK1_MEMBER
0.9833333333333332,G2,140.0,0.655,0.6422222222222222,900,M3Q_R01,-0.012777777777777777,0.012777777777777777,NOT_COST_MATCHED_EXISTING_RANK1_MEMBER
0.9833333333333332,G2,145.0,0.665,0.6688888888888889,900,M3Q_R01,0.0038888888888888307,0.0038888888888888307,NOT_COST_MATCHED_EXISTING_RANK1_MEMBER
0.9833333333333332,G2,150.0,0.63,0.6566666666666666,900,M3Q_R01,0.026666666666666616,0.026666666666666616,NOT_COST_MATCHED_EXISTING_RANK1_MEMBER
0.9833333333333332,G2,155.0,0.615,0.6411111111111111,900,M3Q_R01,0.026111111111111085,0.026111111111111085,NOT_COST_MATCHED_EXISTING_RANK1_MEMBER
0.9833333333333332,G2,160.0,0.615,0.6522222222222223,900,M3Q_R01,0.03722222222222227,0.03722222222222227,NOT_COST_MATCHED_EXISTING_RANK1_MEMBER
0.9833333333333332,G2,165.0,0.615,0.6388888888888888,900,M3Q_R01,0.02388888888888885,0.02388888888888885,NOT_COST_MATCHED_EXISTING_RANK1_MEMBER
0.9833333333333332,G2,170.0,0.615,0.6466666666666666,900,M3Q_R01,0.03166666666666662,0.03166666666666662,NOT_COST_MATCHED_EXISTING_RANK1_MEMBER
0.9833333333333332,G2,175.0,0.61,0.6344444444444445,900,M3Q_R01,0.02444444444444449,0.02444444444444449,NOT_COST_MATCHED_EXISTING_RANK1_MEMBER
0.9833333333333332,G2,180.0,0.6,0.6266666666666667,900,M3Q_R01,0.026666666666666727,0.026666666666666727,NOT_COST_MATCHED_EXISTING_RANK1_MEMBER
0.9833333333333332,G2,185.0,0.615,0.64,900,M3Q_R01,0.025000000000000022,0.025000000000000022,NOT_COST_MATCHED_EXISTING_RANK1_MEMBER
0.9833333333333332,G2,190.0,0.615,0.6266666666666667,900,M3Q_R01,0.011666666666666714,0.011666666666666714,NOT_COST_MATCHED_EXISTING_RANK1_MEMBER
0.9833333333333332,G2,195.0,0.625,0.6477777777777778,900,M3Q_R01,0.022777777777777786,0.022777777777777786,NOT_COST_MATCHED_EXISTING_RANK1_MEMBER
0.9833333333333332,G2,200.0,0.61,0.6322222222222222,900,M3Q_R01,0.022222222222222254,0.022222222222222254,NOT_COST_MATCHED_EXISTING_RANK1_MEMBER
0.9833333333333332,G2,205.0,0.625,0.6533333333333333,900,M3Q_R01,0.02833333333333332,0.02833333333333332,NOT_COST_MATCHED_EXISTING_RANK1_MEMBER
0.9833333333333332,G2,210.0,0.615,0.6477777777777778,900,M3Q_R01,0.032777777777777795,0.032777777777777795,NOT_COST_MATCHED_EXISTING_RANK1_MEMBER
0.9833333333333332,G2,215.0,0.61,0.6311111111111111,900,M3Q_R01,0.02111111111111108,0.02111111111111108,NOT_COST_MATCHED_EXISTING_RANK1_MEMBER
0.9833333333333332,G2,220.0,0.605,0.6433333333333333,900,M3Q_R01,0.03833333333333333,0.03833333333333333,NOT_COST_MATCHED_EXISTING_RANK1_MEMBER
0.9833333333333332,G2,225.0,0.6,0.6266666666666667,900,M3Q_R01,0.026666666666666727,0.026666666666666727,NOT_COST_MATCHED_EXISTING_RANK1_MEMBER
0.9833333333333332,G2,230.0,0.61,0.6388888888888888,900,M3Q_R01,0.028888888888888853,0.028888888888888853,NOT_COST_MATCHED_EXISTING_RANK1_MEMBER
0.9833333333333332,G2,235.0,0.595,0.6177777777777778,900,M3Q_R01,0.022777777777777786,0.022777777777777786,NOT_COST_MATCHED_EXISTING_RANK1_MEMBER
0.9833333333333332,G2,240.0,0.58,0.6055555555555555,900,M3Q_R01,0.025555555555555554,0.025555555555555554,NOT_COST_MATCHED_EXISTING_RANK1_MEMBER
0.99,G0,60.0,0.965,0.9688888888888888,900,M3Q_R01,0.0038888888888888307,0.0038888888888888307,NOT_COST_MATCHED_EXISTING_RANK1_MEMBER
0.99,G0,65.0,0.97,0.9722222222222222,900,M3Q_R01,0.0022222222222222365,0.0022222222222222365,NOT_COST_MATCHED_EXISTING_RANK1_MEMBER
0.99,G0,70.0,0.965,0.9711111111111111,900,M3Q_R01,0.006111111111111178,0.006111111111111178,NOT_COST_MATCHED_EXISTING_RANK1_MEMBER
0.99,G0,75.0,0.965,0.9688888888888888,900,M3Q_R01,0.0038888888888888307,0.0038888888888888307,NOT_COST_MATCHED_EXISTING_RANK1_MEMBER
0.99,G0,80.0,0.965,0.9666666666666668,900,M3Q_R01,0.0016666666666668162,0.0016666666666668162,NOT_COST_MATCHED_EXISTING_RANK1_MEMBER
0.99,G0,85.0,0.965,0.9722222222222222,900,M3Q_R01,0.007222222222222241,0.007222222222222241,NOT_COST_MATCHED_EXISTING_RANK1_MEMBER
0.99,G0,90.0,0.96,0.97,900,M3Q_R01,0.010000000000000009,0.010000000000000009,NOT_COST_MATCHED_EXISTING_RANK1_MEMBER
0.99,G0,95.0,0.96,0.9677777777777776,900,M3Q_R01,0.007777777777777661,0.007777777777777661,NOT_COST_MATCHED_EXISTING_RANK1_MEMBER
0.99,G0,100.0,0.96,0.9677777777777776,900,M3Q_R01,0.007777777777777661,0.007777777777777661,NOT_COST_MATCHED_EXISTING_RANK1_MEMBER
0.99,G0,105.0,0.965,0.9755555555555556,900,M3Q_R01,0.010555555555555651,0.010555555555555651,NOT_COST_MATCHED_EXISTING_RANK1_MEMBER
0.99,G0,110.0,0.965,0.9755555555555556,900,M3Q_R01,0.010555555555555651,0.010555555555555651,NOT_COST_MATCHED_EXISTING_RANK1_MEMBER
0.99,G0,115.0,0.965,0.9744444444444444,900,M3Q_R01,0.009444444444444478,0.009444444444444478,NOT_COST_MATCHED_EXISTING_RANK1_MEMBER
0.99,G0,120.0,0.965,0.9733333333333334,900,M3Q_R01,0.008333333333333415,0.008333333333333415,NOT_COST_MATCHED_EXISTING_RANK1_MEMBER
0.99,G0,125.0,0.965,0.9755555555555556,900,M3Q_R01,0.010555555555555651,0.010555555555555651,NOT_COST_MATCHED_EXISTING_RANK1_MEMBER
0.99,G0,130.0,0.96,0.9744444444444444,900,M3Q_R01,0.014444444444444482,0.014444444444444482,NOT_COST_MATCHED_EXISTING_RANK1_MEMBER
0.99,G0,135.0,0.96,0.9744444444444444,900,M3Q_R01,0.014444444444444482,0.014444444444444482,NOT_COST_MATCHED_EXISTING_RANK1_MEMBER
0.99,G0,140.0,0.96,0.9744444444444444,900,M3Q_R01,0.014444444444444482,0.014444444444444482,NOT_COST_MATCHED_EXISTING_RANK1_MEMBER
0.99,G0,145.0,0.955,0.9777777777777776,900,M3Q_R01,0.022777777777777675,0.022777777777777675,NOT_COST_MATCHED_EXISTING_RANK1_MEMBER
0.99,G0,150.0,0.945,0.9777777777777776,900,M3Q_R01,0.032777777777777684,0.032777777777777684,NOT_COST_MATCHED_EXISTING_RANK1_MEMBER
0.99,G0,155.0,0.945,0.9766666666666668,900,M3Q_R01,0.03166666666666684,0.03166666666666684,NOT_COST_MATCHED_EXISTING_RANK1_MEMBER
0.99,G0,160.0,0.945,0.9755555555555556,900,M3Q_R01,0.03055555555555567,0.03055555555555567,NOT_COST_MATCHED_EXISTING_RANK1_MEMBER
0.99,G0,165.0,0.95,0.98,900,M3Q_R01,0.030000000000000027,0.030000000000000027,NOT_COST_MATCHED_EXISTING_RANK1_MEMBER
0.99,G0,170.0,0.95,0.9788888888888888,900,M3Q_R01,0.028888888888888853,0.028888888888888853,NOT_COST_MATCHED_EXISTING_RANK1_MEMBER
0.99,G0,175.0,0.95,0.9788888888888888,900,M3Q_R01,0.028888888888888853,0.028888888888888853,NOT_COST_MATCHED_EXISTING_RANK1_MEMBER
0.99,G0,180.0,0.945,0.9777777777777776,900,M3Q_R01,0.032777777777777684,0.032777777777777684,NOT_COST_MATCHED_EXISTING_RANK1_MEMBER
0.99,G0,185.0,0.945,0.9822222222222222,900,M3Q_R01,0.03722222222222227,0.03722222222222227,NOT_COST_MATCHED_EXISTING_RANK1_MEMBER
0.99,G0,190.0,0.945,0.9811111111111112,900,M3Q_R01,0.036111111111111205,0.036111111111111205,NOT_COST_MATCHED_EXISTING_RANK1_MEMBER
0.99,G0,195.0,0.945,0.98,900,M3Q_R01,0.03500000000000003,0.03500000000000003,NOT_COST_MATCHED_EXISTING_RANK1_MEMBER
0.99,G0,200.0,0.94,0.98,900,M3Q_R01,0.040000000000000036,0.040000000000000036,NOT_COST_MATCHED_EXISTING_RANK1_MEMBER
0.99,G0,205.0,0.96,0.9811111111111112,900,M3Q_R01,0.02111111111111119,0.02111111111111119,NOT_COST_MATCHED_EXISTING_RANK1_MEMBER
0.99,G0,210.0,0.96,0.9811111111111112,900,M3Q_R01,0.02111111111111119,0.02111111111111119,NOT_COST_MATCHED_EXISTING_RANK1_MEMBER
0.99,G0,215.0,0.96,0.9811111111111112,900,M3Q_R01,0.02111111111111119,0.02111111111111119,NOT_COST_MATCHED_EXISTING_RANK1_MEMBER
0.99,G0,220.0,0.96,0.98,900,M3Q_R01,0.020000000000000018,0.020000000000000018,NOT_COST_MATCHED_EXISTING_RANK1_MEMBER
0.99,G0,225.0,0.96,0.9822222222222222,900,M3Q_R01,0.022222222222222254,0.022222222222222254,NOT_COST_MATCHED_EXISTING_RANK1_MEMBER
0.99,G0,230.0,0.955,0.9811111111111112,900,M3Q_R01,0.026111111111111196,0.026111111111111196,NOT_COST_MATCHED_EXISTING_RANK1_MEMBER
0.99,G0,235.0,0.95,0.9777777777777776,900,M3Q_R01,0.02777777777777768,0.02777777777777768,NOT_COST_MATCHED_EXISTING_RANK1_MEMBER
0.99,G0,240.0,0.95,0.9777777777777776,900,M3Q_R01,0.02777777777777768,0.02777777777777768,NOT_COST_MATCHED_EXISTING_RANK1_MEMBER
0.99,G1,60.0,0.87,0.8844444444444445,900,M3Q_R01,0.014444444444444482,0.014444444444444482,NOT_COST_MATCHED_EXISTING_RANK1_MEMBER
0.99,G1,65.0,0.895,0.8966666666666666,900,M3Q_R01,0.0016666666666665941,0.0016666666666665941,NOT_COST_MATCHED_EXISTING_RANK1_MEMBER
0.99,G1,70.0,0.895,0.8855555555555555,900,M3Q_R01,-0.009444444444444478,0.009444444444444478,NOT_COST_MATCHED_EXISTING_RANK1_MEMBER
0.99,G1,75.0,0.895,0.8777777777777778,900,M3Q_R01,-0.01722222222222225,0.01722222222222225,NOT_COST_MATCHED_EXISTING_RANK1_MEMBER
0.99,G1,80.0,0.885,0.8711111111111111,900,M3Q_R01,-0.01388888888888895,0.01388888888888895,NOT_COST_MATCHED_EXISTING_RANK1_MEMBER
0.99,G1,85.0,0.91,0.8877777777777778,900,M3Q_R01,-0.022222222222222254,0.022222222222222254,NOT_COST_MATCHED_EXISTING_RANK1_MEMBER
0.99,G1,90.0,0.89,0.8777777777777778,900,M3Q_R01,-0.012222222222222245,0.012222222222222245,NOT_COST_MATCHED_EXISTING_RANK1_MEMBER
0.99,G1,95.0,0.88,0.87,900,M3Q_R01,-0.010000000000000009,0.010000000000000009,NOT_COST_MATCHED_EXISTING_RANK1_MEMBER
0.99,G1,100.0,0.88,0.86,900,M3Q_R01,-0.020000000000000018,0.020000000000000018,NOT_COST_MATCHED_EXISTING_RANK1_MEMBER
0.99,G1,105.0,0.89,0.8766666666666667,900,M3Q_R01,-0.013333333333333308,0.013333333333333308,NOT_COST_MATCHED_EXISTING_RANK1_MEMBER
0.99,G1,110.0,0.885,0.8722222222222222,900,M3Q_R01,-0.012777777777777777,0.012777777777777777,NOT_COST_MATCHED_EXISTING_RANK1_MEMBER
0.99,G1,115.0,0.885,0.8655555555555555,900,M3Q_R01,-0.019444444444444486,0.019444444444444486,NOT_COST_MATCHED_EXISTING_RANK1_MEMBER
0.99,G1,120.0,0.88,0.8577777777777778,900,M3Q_R01,-0.022222222222222254,0.022222222222222254,NOT_COST_MATCHED_EXISTING_RANK1_MEMBER
0.99,G1,125.0,0.89,0.8733333333333333,900,M3Q_R01,-0.01666666666666672,0.01666666666666672,NOT_COST_MATCHED_EXISTING_RANK1_MEMBER
0.99,G1,130.0,0.88,0.8677777777777778,900,M3Q_R01,-0.012222222222222245,0.012222222222222245,NOT_COST_MATCHED_EXISTING_RANK1_MEMBER
0.99,G1,135.0,0.875,0.8622222222222222,900,M3Q_R01,-0.012777777777777777,0.012777777777777777,NOT_COST_MATCHED_EXISTING_RANK1_MEMBER
0.99,G1,140.0,0.87,0.8533333333333334,900,M3Q_R01,-0.016666666666666607,0.016666666666666607,NOT_COST_MATCHED_EXISTING_RANK1_MEMBER
0.99,G1,145.0,0.86,0.87,900,M3Q_R01,0.010000000000000009,0.010000000000000009,NOT_COST_MATCHED_EXISTING_RANK1_MEMBER
0.99,G1,150.0,0.84,0.8622222222222222,900,M3Q_R01,0.022222222222222254,0.022222222222222254,NOT_COST_MATCHED_EXISTING_RANK1_MEMBER
0.99,G1,155.0,0.84,0.8566666666666667,900,M3Q_R01,0.01666666666666672,0.01666666666666672,NOT_COST_MATCHED_EXISTING_RANK1_MEMBER
0.99,G1,160.0,0.835,0.8533333333333334,900,M3Q_R01,0.018333333333333424,0.018333333333333424,NOT_COST_MATCHED_EXISTING_RANK1_MEMBER
0.99,G1,165.0,0.86,0.8611111111111112,900,M3Q_R01,0.0011111111111111738,0.0011111111111111738,NOT_COST_MATCHED_EXISTING_RANK1_MEMBER
0.99,G1,170.0,0.855,0.8544444444444445,900,M3Q_R01,-0.0005555555555555314,0.0005555555555555314,NOT_COST_MATCHED_EXISTING_RANK1_MEMBER
0.99,G1,175.0,0.855,0.8466666666666667,900,M3Q_R01,-0.008333333333333304,0.008333333333333304,NOT_COST_MATCHED_EXISTING_RANK1_MEMBER
0.99,G1,180.0,0.845,0.8455555555555555,900,M3Q_R01,0.0005555555555555314,0.0005555555555555314,NOT_COST_MATCHED_EXISTING_RANK1_MEMBER
0.99,G1,185.0,0.84,0.86,900,M3Q_R01,0.020000000000000018,0.020000000000000018,NOT_COST_MATCHED_EXISTING_RANK1_MEMBER
0.99,G1,190.0,0.835,0.8522222222222222,900,M3Q_R01,0.01722222222222225,0.01722222222222225,NOT_COST_MATCHED_EXISTING_RANK1_MEMBER
0.99,G1,195.0,0.825,0.8466666666666667,900,M3Q_R01,0.021666666666666723,0.021666666666666723,NOT_COST_MATCHED_EXISTING_RANK1_MEMBER
0.99,G1,200.0,0.82,0.8433333333333334,900,M3Q_R01,0.023333333333333428,0.023333333333333428,NOT_COST_MATCHED_EXISTING_RANK1_MEMBER
0.99,G1,205.0,0.815,0.8655555555555555,900,M3Q_R01,0.050555555555555576,0.050555555555555576,NOT_COST_MATCHED_EXISTING_RANK1_MEMBER
0.99,G1,210.0,0.815,0.8622222222222222,900,M3Q_R01,0.047222222222222276,0.047222222222222276,NOT_COST_MATCHED_EXISTING_RANK1_MEMBER
0.99,G1,215.0,0.815,0.8566666666666667,900,M3Q_R01,0.04166666666666674,0.04166666666666674,NOT_COST_MATCHED_EXISTING_RANK1_MEMBER
0.99,G1,220.0,0.81,0.8511111111111112,900,M3Q_R01,0.0411111111111111,0.0411111111111111,NOT_COST_MATCHED_EXISTING_RANK1_MEMBER
0.99,G1,225.0,0.825,0.8644444444444445,900,M3Q_R01,0.039444444444444504,0.039444444444444504,NOT_COST_MATCHED_EXISTING_RANK1_MEMBER
0.99,G1,230.0,0.825,0.8588888888888889,900,M3Q_R01,0.03388888888888897,0.03388888888888897,NOT_COST_MATCHED_EXISTING_RANK1_MEMBER
0.99,G1,235.0,0.82,0.8522222222222222,900,M3Q_R01,0.03222222222222226,0.03222222222222226,NOT_COST_MATCHED_EXISTING_RANK1_MEMBER
0.99,G1,240.0,0.82,0.8511111111111112,900,M3Q_R01,0.0311111111111112,0.0311111111111112,NOT_COST_MATCHED_EXISTING_RANK1_MEMBER
0.99,G2,60.0,0.655,0.7155555555555555,900,M3Q_R01,0.060555555555555474,0.060555555555555474,NOT_COST_MATCHED_EXISTING_RANK1_MEMBER
0.99,G2,65.0,0.685,0.7588888888888888,900,M3Q_R01,0.07388888888888878,0.07388888888888878,NOT_COST_MATCHED_EXISTING_RANK1_MEMBER
0.99,G2,70.0,0.675,0.7377777777777778,900,M3Q_R01,0.06277777777777771,0.06277777777777771,NOT_COST_MATCHED_EXISTING_RANK1_MEMBER
0.99,G2,75.0,0.675,0.7133333333333334,900,M3Q_R01,0.03833333333333333,0.03833333333333333,NOT_COST_MATCHED_EXISTING_RANK1_MEMBER
0.99,G2,80.0,0.66,0.6922222222222222,900,M3Q_R01,0.03222222222222215,0.03222222222222215,NOT_COST_MATCHED_EXISTING_RANK1_MEMBER
0.99,G2,85.0,0.715,0.7211111111111111,900,M3Q_R01,0.006111111111111178,0.006111111111111178,NOT_COST_MATCHED_EXISTING_RANK1_MEMBER
0.99,G2,90.0,0.71,0.7011111111111111,900,M3Q_R01,-0.008888888888888835,0.008888888888888835,NOT_COST_MATCHED_EXISTING_RANK1_MEMBER
0.99,G2,95.0,0.685,0.6744444444444444,900,M3Q_R01,-0.010555555555555651,0.010555555555555651,NOT_COST_MATCHED_EXISTING_RANK1_MEMBER
0.99,G2,100.0,0.68,0.6522222222222223,900,M3Q_R01,-0.02777777777777779,0.02777777777777779,NOT_COST_MATCHED_EXISTING_RANK1_MEMBER
0.99,G2,105.0,0.69,0.6811111111111111,900,M3Q_R01,-0.008888888888888835,0.008888888888888835,NOT_COST_MATCHED_EXISTING_RANK1_MEMBER
0.99,G2,110.0,0.685,0.6722222222222223,900,M3Q_R01,-0.012777777777777777,0.012777777777777777,NOT_COST_MATCHED_EXISTING_RANK1_MEMBER
0.99,G2,115.0,0.67,0.6577777777777778,900,M3Q_R01,-0.012222222222222245,0.012222222222222245,NOT_COST_MATCHED_EXISTING_RANK1_MEMBER
0.99,G2,120.0,0.645,0.6388888888888888,900,M3Q_R01,-0.006111111111111178,0.006111111111111178,NOT_COST_MATCHED_EXISTING_RANK1_MEMBER
0.99,G2,125.0,0.69,0.6633333333333333,900,M3Q_R01,-0.026666666666666616,0.026666666666666616,NOT_COST_MATCHED_EXISTING_RANK1_MEMBER
0.99,G2,130.0,0.675,0.65,900,M3Q_R01,-0.025000000000000022,0.025000000000000022,NOT_COST_MATCHED_EXISTING_RANK1_MEMBER
0.99,G2,135.0,0.665,0.6344444444444445,900,M3Q_R01,-0.030555555555555558,0.030555555555555558,NOT_COST_MATCHED_EXISTING_RANK1_MEMBER
0.99,G2,140.0,0.66,0.6144444444444445,900,M3Q_R01,-0.04555555555555557,0.04555555555555557,NOT_COST_MATCHED_EXISTING_RANK1_MEMBER
0.99,G2,145.0,0.66,0.6488888888888888,900,M3Q_R01,-0.011111111111111183,0.011111111111111183,NOT_COST_MATCHED_EXISTING_RANK1_MEMBER
0.99,G2,150.0,0.645,0.6377777777777778,900,M3Q_R01,-0.007222222222222241,0.007222222222222241,NOT_COST_MATCHED_EXISTING_RANK1_MEMBER
0.99,G2,155.0,0.63,0.63,900,M3Q_R01,0.0,0.0,NOT_COST_MATCHED_EXISTING_RANK1_MEMBER
0.99,G2,160.0,0.615,0.6133333333333333,900,M3Q_R01,-0.0016666666666667052,0.0016666666666667052,NOT_COST_MATCHED_EXISTING_RANK1_MEMBER
0.99,G2,165.0,0.645,0.6444444444444445,900,M3Q_R01,-0.0005555555555555314,0.0005555555555555314,NOT_COST_MATCHED_EXISTING_RANK1_MEMBER
0.99,G2,170.0,0.63,0.6266666666666667,900,M3Q_R01,-0.0033333333333332993,0.0033333333333332993,NOT_COST_MATCHED_EXISTING_RANK1_MEMBER
0.99,G2,175.0,0.62,0.6155555555555555,900,M3Q_R01,-0.004444444444444473,0.004444444444444473,NOT_COST_MATCHED_EXISTING_RANK1_MEMBER
0.99,G2,180.0,0.605,0.6122222222222222,900,M3Q_R01,0.007222222222222241,0.007222222222222241,NOT_COST_MATCHED_EXISTING_RANK1_MEMBER
0.99,G2,185.0,0.63,0.6255555555555555,900,M3Q_R01,-0.004444444444444473,0.004444444444444473,NOT_COST_MATCHED_EXISTING_RANK1_MEMBER
0.99,G2,190.0,0.625,0.61,900,M3Q_R01,-0.015000000000000013,0.015000000000000013,NOT_COST_MATCHED_EXISTING_RANK1_MEMBER
0.99,G2,195.0,0.59,0.6,900,M3Q_R01,0.010000000000000009,0.010000000000000009,NOT_COST_MATCHED_EXISTING_RANK1_MEMBER
0.99,G2,200.0,0.57,0.5922222222222222,900,M3Q_R01,0.022222222222222254,0.022222222222222254,NOT_COST_MATCHED_EXISTING_RANK1_MEMBER
0.99,G2,205.0,0.61,0.62,900,M3Q_R01,0.010000000000000009,0.010000000000000009,NOT_COST_MATCHED_EXISTING_RANK1_MEMBER
0.99,G2,210.0,0.605,0.6111111111111112,900,M3Q_R01,0.006111111111111178,0.006111111111111178,NOT_COST_MATCHED_EXISTING_RANK1_MEMBER
0.99,G2,215.0,0.59,0.5966666666666667,900,M3Q_R01,0.00666666666666671,0.00666666666666671,NOT_COST_MATCHED_EXISTING_RANK1_MEMBER
0.99,G2,220.0,0.57,0.5888888888888889,900,M3Q_R01,0.018888888888888955,0.018888888888888955,NOT_COST_MATCHED_EXISTING_RANK1_MEMBER
0.99,G2,225.0,0.6,0.6055555555555555,900,M3Q_R01,0.005555555555555536,0.005555555555555536,NOT_COST_MATCHED_EXISTING_RANK1_MEMBER
0.99,G2,230.0,0.585,0.5933333333333334,900,M3Q_R01,0.008333333333333415,0.008333333333333415,NOT_COST_MATCHED_EXISTING_RANK1_MEMBER
0.99,G2,235.0,0.57,0.5755555555555556,900,M3Q_R01,0.005555555555555647,0.005555555555555647,NOT_COST_MATCHED_EXISTING_RANK1_MEMBER
0.99,G2,240.0,0.565,0.5644444444444444,900,M3Q_R01,-0.0005555555555555314,0.0005555555555555314,NOT_COST_MATCHED_EXISTING_RANK1_MEMBER
0.995,G0,60.0,0.975,0.9788888888888888,900,M3Q_R01,0.0038888888888888307,0.0038888888888888307,NOT_COST_MATCHED_EXISTING_RANK1_MEMBER
0.995,G0,65.0,0.975,0.9777777777777776,900,M3Q_R01,0.002777777777777657,0.002777777777777657,NOT_COST_MATCHED_EXISTING_RANK1_MEMBER
0.995,G0,70.0,0.97,0.9766666666666668,900,M3Q_R01,0.006666666666666821,0.006666666666666821,NOT_COST_MATCHED_EXISTING_RANK1_MEMBER
0.995,G0,75.0,0.97,0.9733333333333334,900,M3Q_R01,0.0033333333333334103,0.0033333333333334103,NOT_COST_MATCHED_EXISTING_RANK1_MEMBER
0.995,G0,80.0,0.97,0.9722222222222222,900,M3Q_R01,0.0022222222222222365,0.0022222222222222365,NOT_COST_MATCHED_EXISTING_RANK1_MEMBER
0.995,G0,85.0,0.97,0.9811111111111112,900,M3Q_R01,0.011111111111111183,0.011111111111111183,NOT_COST_MATCHED_EXISTING_RANK1_MEMBER
0.995,G0,90.0,0.965,0.98,900,M3Q_R01,0.015000000000000013,0.015000000000000013,NOT_COST_MATCHED_EXISTING_RANK1_MEMBER
0.995,G0,95.0,0.965,0.98,900,M3Q_R01,0.015000000000000013,0.015000000000000013,NOT_COST_MATCHED_EXISTING_RANK1_MEMBER
0.995,G0,100.0,0.965,0.98,900,M3Q_R01,0.015000000000000013,0.015000000000000013,NOT_COST_MATCHED_EXISTING_RANK1_MEMBER
0.995,G0,105.0,0.965,0.98,900,M3Q_R01,0.015000000000000013,0.015000000000000013,NOT_COST_MATCHED_EXISTING_RANK1_MEMBER
0.995,G0,110.0,0.965,0.98,900,M3Q_R01,0.015000000000000013,0.015000000000000013,NOT_COST_MATCHED_EXISTING_RANK1_MEMBER
0.995,G0,115.0,0.965,0.9788888888888888,900,M3Q_R01,0.01388888888888884,0.01388888888888884,NOT_COST_MATCHED_EXISTING_RANK1_MEMBER
0.995,G0,120.0,0.965,0.9777777777777776,900,M3Q_R01,0.012777777777777666,0.012777777777777666,NOT_COST_MATCHED_EXISTING_RANK1_MEMBER
0.995,G0,125.0,0.965,0.9811111111111112,900,M3Q_R01,0.016111111111111187,0.016111111111111187,NOT_COST_MATCHED_EXISTING_RANK1_MEMBER
0.995,G0,130.0,0.96,0.9811111111111112,900,M3Q_R01,0.02111111111111119,0.02111111111111119,NOT_COST_MATCHED_EXISTING_RANK1_MEMBER
0.995,G0,135.0,0.96,0.9811111111111112,900,M3Q_R01,0.02111111111111119,0.02111111111111119,NOT_COST_MATCHED_EXISTING_RANK1_MEMBER
0.995,G0,140.0,0.96,0.9811111111111112,900,M3Q_R01,0.02111111111111119,0.02111111111111119,NOT_COST_MATCHED_EXISTING_RANK1_MEMBER
0.995,G0,145.0,0.955,0.9777777777777776,900,M3Q_R01,0.022777777777777675,0.022777777777777675,NOT_COST_MATCHED_EXISTING_RANK1_MEMBER
0.995,G0,150.0,0.945,0.9777777777777776,900,M3Q_R01,0.032777777777777684,0.032777777777777684,NOT_COST_MATCHED_EXISTING_RANK1_MEMBER
0.995,G0,155.0,0.945,0.9766666666666668,900,M3Q_R01,0.03166666666666684,0.03166666666666684,NOT_COST_MATCHED_EXISTING_RANK1_MEMBER
0.995,G0,160.0,0.945,0.9755555555555556,900,M3Q_R01,0.03055555555555567,0.03055555555555567,NOT_COST_MATCHED_EXISTING_RANK1_MEMBER
0.995,G0,165.0,0.95,0.9811111111111112,900,M3Q_R01,0.0311111111111112,0.0311111111111112,NOT_COST_MATCHED_EXISTING_RANK1_MEMBER
0.995,G0,170.0,0.95,0.9811111111111112,900,M3Q_R01,0.0311111111111112,0.0311111111111112,NOT_COST_MATCHED_EXISTING_RANK1_MEMBER
0.995,G0,175.0,0.95,0.9811111111111112,900,M3Q_R01,0.0311111111111112,0.0311111111111112,NOT_COST_MATCHED_EXISTING_RANK1_MEMBER
0.995,G0,180.0,0.95,0.98,900,M3Q_R01,0.030000000000000027,0.030000000000000027,NOT_COST_MATCHED_EXISTING_RANK1_MEMBER
0.995,G0,185.0,0.95,0.9788888888888888,900,M3Q_R01,0.028888888888888853,0.028888888888888853,NOT_COST_MATCHED_EXISTING_RANK1_MEMBER
0.995,G0,190.0,0.95,0.9788888888888888,900,M3Q_R01,0.028888888888888853,0.028888888888888853,NOT_COST_MATCHED_EXISTING_RANK1_MEMBER
0.995,G0,195.0,0.95,0.9777777777777776,900,M3Q_R01,0.02777777777777768,0.02777777777777768,NOT_COST_MATCHED_EXISTING_RANK1_MEMBER
0.995,G0,200.0,0.945,0.9777777777777776,900,M3Q_R01,0.032777777777777684,0.032777777777777684,NOT_COST_MATCHED_EXISTING_RANK1_MEMBER
0.995,G0,205.0,0.945,0.9788888888888888,900,M3Q_R01,0.03388888888888886,0.03388888888888886,NOT_COST_MATCHED_EXISTING_RANK1_MEMBER
0.995,G0,210.0,0.945,0.9788888888888888,900,M3Q_R01,0.03388888888888886,0.03388888888888886,NOT_COST_MATCHED_EXISTING_RANK1_MEMBER
0.995,G0,215.0,0.945,0.9788888888888888,900,M3Q_R01,0.03388888888888886,0.03388888888888886,NOT_COST_MATCHED_EXISTING_RANK1_MEMBER
0.995,G0,220.0,0.945,0.9777777777777776,900,M3Q_R01,0.032777777777777684,0.032777777777777684,NOT_COST_MATCHED_EXISTING_RANK1_MEMBER
0.995,G0,225.0,0.945,0.9777777777777776,900,M3Q_R01,0.032777777777777684,0.032777777777777684,NOT_COST_MATCHED_EXISTING_RANK1_MEMBER
0.995,G0,230.0,0.945,0.9755555555555556,900,M3Q_R01,0.03055555555555567,0.03055555555555567,NOT_COST_MATCHED_EXISTING_RANK1_MEMBER
0.995,G0,235.0,0.94,0.9744444444444444,900,M3Q_R01,0.0344444444444445,0.0344444444444445,NOT_COST_MATCHED_EXISTING_RANK1_MEMBER
0.995,G0,240.0,0.94,0.9744444444444444,900,M3Q_R01,0.0344444444444445,0.0344444444444445,NOT_COST_MATCHED_EXISTING_RANK1_MEMBER
0.995,G1,60.0,0.895,0.9044444444444444,900,M3Q_R01,0.009444444444444366,0.009444444444444366,NOT_COST_MATCHED_EXISTING_RANK1_MEMBER
0.995,G1,65.0,0.895,0.8955555555555555,900,M3Q_R01,0.0005555555555555314,0.0005555555555555314,NOT_COST_MATCHED_EXISTING_RANK1_MEMBER
0.995,G1,70.0,0.895,0.8844444444444445,900,M3Q_R01,-0.01055555555555554,0.01055555555555554,NOT_COST_MATCHED_EXISTING_RANK1_MEMBER
0.995,G1,75.0,0.895,0.8744444444444445,900,M3Q_R01,-0.02055555555555555,0.02055555555555555,NOT_COST_MATCHED_EXISTING_RANK1_MEMBER
0.995,G1,80.0,0.885,0.87,900,M3Q_R01,-0.015000000000000013,0.015000000000000013,NOT_COST_MATCHED_EXISTING_RANK1_MEMBER
0.995,G1,85.0,0.9,0.8911111111111111,900,M3Q_R01,-0.008888888888888946,0.008888888888888946,NOT_COST_MATCHED_EXISTING_RANK1_MEMBER
0.995,G1,90.0,0.895,0.8844444444444445,900,M3Q_R01,-0.01055555555555554,0.01055555555555554,NOT_COST_MATCHED_EXISTING_RANK1_MEMBER
0.995,G1,95.0,0.885,0.8777777777777778,900,M3Q_R01,-0.007222222222222241,0.007222222222222241,NOT_COST_MATCHED_EXISTING_RANK1_MEMBER
0.995,G1,100.0,0.88,0.87,900,M3Q_R01,-0.010000000000000009,0.010000000000000009,NOT_COST_MATCHED_EXISTING_RANK1_MEMBER
0.995,G1,105.0,0.875,0.8666666666666667,900,M3Q_R01,-0.008333333333333304,0.008333333333333304,NOT_COST_MATCHED_EXISTING_RANK1_MEMBER
0.995,G1,110.0,0.865,0.8633333333333333,900,M3Q_R01,-0.0016666666666667052,0.0016666666666667052,NOT_COST_MATCHED_EXISTING_RANK1_MEMBER
0.995,G1,115.0,0.865,0.8544444444444445,900,M3Q_R01,-0.01055555555555554,0.01055555555555554,NOT_COST_MATCHED_EXISTING_RANK1_MEMBER
0.995,G1,120.0,0.86,0.8466666666666667,900,M3Q_R01,-0.013333333333333308,0.013333333333333308,NOT_COST_MATCHED_EXISTING_RANK1_MEMBER
0.995,G1,125.0,0.87,0.8644444444444445,900,M3Q_R01,-0.005555555555555536,0.005555555555555536,NOT_COST_MATCHED_EXISTING_RANK1_MEMBER
0.995,G1,130.0,0.86,0.8622222222222222,900,M3Q_R01,0.0022222222222222365,0.0022222222222222365,NOT_COST_MATCHED_EXISTING_RANK1_MEMBER
0.995,G1,135.0,0.85,0.8555555555555555,900,M3Q_R01,0.005555555555555536,0.005555555555555536,NOT_COST_MATCHED_EXISTING_RANK1_MEMBER
0.995,G1,140.0,0.845,0.8444444444444444,900,M3Q_R01,-0.0005555555555555314,0.0005555555555555314,NOT_COST_MATCHED_EXISTING_RANK1_MEMBER
0.995,G1,145.0,0.82,0.8366666666666667,900,M3Q_R01,0.01666666666666672,0.01666666666666672,NOT_COST_MATCHED_EXISTING_RANK1_MEMBER
0.995,G1,150.0,0.81,0.8288888888888889,900,M3Q_R01,0.018888888888888844,0.018888888888888844,NOT_COST_MATCHED_EXISTING_RANK1_MEMBER
0.995,G1,155.0,0.81,0.8222222222222222,900,M3Q_R01,0.012222222222222134,0.012222222222222134,NOT_COST_MATCHED_EXISTING_RANK1_MEMBER
0.995,G1,160.0,0.805,0.8155555555555556,900,M3Q_R01,0.01055555555555554,0.01055555555555554,NOT_COST_MATCHED_EXISTING_RANK1_MEMBER
0.995,G1,165.0,0.84,0.85,900,M3Q_R01,0.010000000000000009,0.010000000000000009,NOT_COST_MATCHED_EXISTING_RANK1_MEMBER
0.995,G1,170.0,0.84,0.8444444444444444,900,M3Q_R01,0.004444444444444473,0.004444444444444473,NOT_COST_MATCHED_EXISTING_RANK1_MEMBER
0.995,G1,175.0,0.835,0.8388888888888889,900,M3Q_R01,0.0038888888888889417,0.0038888888888889417,NOT_COST_MATCHED_EXISTING_RANK1_MEMBER
0.995,G1,180.0,0.825,0.8377777777777777,900,M3Q_R01,0.012777777777777777,0.012777777777777777,NOT_COST_MATCHED_EXISTING_RANK1_MEMBER
0.995,G1,185.0,0.825,0.8344444444444444,900,M3Q_R01,0.009444444444444478,0.009444444444444478,NOT_COST_MATCHED_EXISTING_RANK1_MEMBER
0.995,G1,190.0,0.82,0.8277777777777777,900,M3Q_R01,0.007777777777777772,0.007777777777777772,NOT_COST_MATCHED_EXISTING_RANK1_MEMBER
0.995,G1,195.0,0.805,0.8222222222222222,900,M3Q_R01,0.01722222222222214,0.01722222222222214,NOT_COST_MATCHED_EXISTING_RANK1_MEMBER
0.995,G1,200.0,0.8,0.8177777777777778,900,M3Q_R01,0.01777777777777778,0.01777777777777778,NOT_COST_MATCHED_EXISTING_RANK1_MEMBER
0.995,G1,205.0,0.8,0.8366666666666667,900,M3Q_R01,0.036666666666666625,0.036666666666666625,NOT_COST_MATCHED_EXISTING_RANK1_MEMBER
0.995,G1,210.0,0.8,0.8322222222222222,900,M3Q_R01,0.03222222222222215,0.03222222222222215,NOT_COST_MATCHED_EXISTING_RANK1_MEMBER
0.995,G1,215.0,0.8,0.8288888888888889,900,M3Q_R01,0.028888888888888853,0.028888888888888853,NOT_COST_MATCHED_EXISTING_RANK1_MEMBER
0.995,G1,220.0,0.795,0.8222222222222222,900,M3Q_R01,0.027222222222222148,0.027222222222222148,NOT_COST_MATCHED_EXISTING_RANK1_MEMBER
0.995,G1,225.0,0.795,0.8188888888888889,900,M3Q_R01,0.02388888888888885,0.02388888888888885,NOT_COST_MATCHED_EXISTING_RANK1_MEMBER
0.995,G1,230.0,0.795,0.8122222222222222,900,M3Q_R01,0.01722222222222214,0.01722222222222214,NOT_COST_MATCHED_EXISTING_RANK1_MEMBER
0.995,G1,235.0,0.79,0.8055555555555556,900,M3Q_R01,0.015555555555555545,0.015555555555555545,NOT_COST_MATCHED_EXISTING_RANK1_MEMBER
0.995,G1,240.0,0.785,0.8022222222222222,900,M3Q_R01,0.01722222222222214,0.01722222222222214,NOT_COST_MATCHED_EXISTING_RANK1_MEMBER
0.995,G2,60.0,0.71,0.7433333333333333,900,M3Q_R01,0.033333333333333326,0.033333333333333326,NOT_COST_MATCHED_EXISTING_RANK1_MEMBER
0.995,G2,65.0,0.69,0.73,900,M3Q_R01,0.040000000000000036,0.040000000000000036,NOT_COST_MATCHED_EXISTING_RANK1_MEMBER
0.995,G2,70.0,0.675,0.71,900,M3Q_R01,0.03499999999999992,0.03499999999999992,NOT_COST_MATCHED_EXISTING_RANK1_MEMBER
0.995,G2,75.0,0.66,0.6788888888888889,900,M3Q_R01,0.018888888888888844,0.018888888888888844,NOT_COST_MATCHED_EXISTING_RANK1_MEMBER
0.995,G2,80.0,0.65,0.6644444444444444,900,M3Q_R01,0.014444444444444371,0.014444444444444371,NOT_COST_MATCHED_EXISTING_RANK1_MEMBER
0.995,G2,85.0,0.685,0.7011111111111111,900,M3Q_R01,0.016111111111111076,0.016111111111111076,NOT_COST_MATCHED_EXISTING_RANK1_MEMBER
0.995,G2,90.0,0.68,0.6844444444444444,900,M3Q_R01,0.004444444444444362,0.004444444444444362,NOT_COST_MATCHED_EXISTING_RANK1_MEMBER
0.995,G2,95.0,0.655,0.6622222222222223,900,M3Q_R01,0.007222222222222241,0.007222222222222241,NOT_COST_MATCHED_EXISTING_RANK1_MEMBER
0.995,G2,100.0,0.65,0.6411111111111111,900,M3Q_R01,-0.008888888888888946,0.008888888888888946,NOT_COST_MATCHED_EXISTING_RANK1_MEMBER
0.995,G2,105.0,0.63,0.62,900,M3Q_R01,-0.010000000000000009,0.010000000000000009,NOT_COST_MATCHED_EXISTING_RANK1_MEMBER
0.995,G2,110.0,0.625,0.61,900,M3Q_R01,-0.015000000000000013,0.015000000000000013,NOT_COST_MATCHED_EXISTING_RANK1_MEMBER
0.995,G2,115.0,0.605,0.6,900,M3Q_R01,-0.0050000000000000044,0.0050000000000000044,NOT_COST_MATCHED_EXISTING_RANK1_MEMBER
0.995,G2,120.0,0.575,0.5811111111111111,900,M3Q_R01,0.006111111111111178,0.006111111111111178,NOT_COST_MATCHED_EXISTING_RANK1_MEMBER
0.995,G2,125.0,0.675,0.6322222222222222,900,M3Q_R01,-0.0427777777777778,0.0427777777777778,NOT_COST_MATCHED_EXISTING_RANK1_MEMBER
0.995,G2,130.0,0.655,0.6177777777777778,900,M3Q_R01,-0.03722222222222227,0.03722222222222227,NOT_COST_MATCHED_EXISTING_RANK1_MEMBER
0.995,G2,135.0,0.635,0.6,900,M3Q_R01,-0.03500000000000003,0.03500000000000003,NOT_COST_MATCHED_EXISTING_RANK1_MEMBER
0.995,G2,140.0,0.63,0.5866666666666667,900,M3Q_R01,-0.043333333333333335,0.043333333333333335,NOT_COST_MATCHED_EXISTING_RANK1_MEMBER
0.995,G2,145.0,0.605,0.57,900,M3Q_R01,-0.03500000000000003,0.03500000000000003,NOT_COST_MATCHED_EXISTING_RANK1_MEMBER
0.995,G2,150.0,0.585,0.5611111111111111,900,M3Q_R01,-0.02388888888888885,0.02388888888888885,NOT_COST_MATCHED_EXISTING_RANK1_MEMBER
0.995,G2,155.0,0.56,0.5511111111111111,900,M3Q_R01,-0.008888888888888946,0.008888888888888946,NOT_COST_MATCHED_EXISTING_RANK1_MEMBER
0.995,G2,160.0,0.555,0.5355555555555556,900,M3Q_R01,-0.019444444444444486,0.019444444444444486,NOT_COST_MATCHED_EXISTING_RANK1_MEMBER
0.995,G2,165.0,0.6,0.5922222222222222,900,M3Q_R01,-0.007777777777777772,0.007777777777777772,NOT_COST_MATCHED_EXISTING_RANK1_MEMBER
0.995,G2,170.0,0.59,0.5811111111111111,900,M3Q_R01,-0.008888888888888835,0.008888888888888835,NOT_COST_MATCHED_EXISTING_RANK1_MEMBER
0.995,G2,175.0,0.585,0.5722222222222222,900,M3Q_R01,-0.012777777777777777,0.012777777777777777,NOT_COST_MATCHED_EXISTING_RANK1_MEMBER
0.995,G2,180.0,0.57,0.5655555555555556,900,M3Q_R01,-0.004444444444444362,0.004444444444444362,NOT_COST_MATCHED_EXISTING_RANK1_MEMBER
0.995,G2,185.0,0.565,0.5555555555555556,900,M3Q_R01,-0.009444444444444366,0.009444444444444366,NOT_COST_MATCHED_EXISTING_RANK1_MEMBER
0.995,G2,190.0,0.555,0.5422222222222223,900,M3Q_R01,-0.012777777777777777,0.012777777777777777,NOT_COST_MATCHED_EXISTING_RANK1_MEMBER
0.995,G2,195.0,0.53,0.5322222222222223,900,M3Q_R01,0.0022222222222222365,0.0022222222222222365,NOT_COST_MATCHED_EXISTING_RANK1_MEMBER
0.995,G2,200.0,0.515,0.5244444444444445,900,M3Q_R01,0.009444444444444478,0.009444444444444478,NOT_COST_MATCHED_EXISTING_RANK1_MEMBER
0.995,G2,205.0,0.565,0.5711111111111111,900,M3Q_R01,0.006111111111111178,0.006111111111111178,NOT_COST_MATCHED_EXISTING_RANK1_MEMBER
0.995,G2,210.0,0.56,0.56,900,M3Q_R01,0.0,0.0,NOT_COST_MATCHED_EXISTING_RANK1_MEMBER
0.995,G2,215.0,0.55,0.5477777777777778,900,M3Q_R01,-0.0022222222222222365,0.0022222222222222365,NOT_COST_MATCHED_EXISTING_RANK1_MEMBER
0.995,G2,220.0,0.525,0.5388888888888889,900,M3Q_R01,0.01388888888888884,0.01388888888888884,NOT_COST_MATCHED_EXISTING_RANK1_MEMBER
0.995,G2,225.0,0.52,0.5266666666666666,900,M3Q_R01,0.006666666666666599,0.006666666666666599,NOT_COST_MATCHED_EXISTING_RANK1_MEMBER
0.995,G2,230.0,0.5,0.52,900,M3Q_R01,0.020000000000000018,0.020000000000000018,NOT_COST_MATCHED_EXISTING_RANK1_MEMBER
0.995,G2,235.0,0.48,0.4988888888888889,900,M3Q_R01,0.0188888888888889,0.0188888888888889,NOT_COST_MATCHED_EXISTING_RANK1_MEMBER
0.995,G2,240.0,0.465,0.49,900,M3Q_R01,0.024999999999999967,0.024999999999999967,NOT_COST_MATCHED_EXISTING_RANK1_MEMBER
